ARH,38.5,2022-06-06 17:20:56.693520
ARH,38.5,2022-06-06 17:21:07.246916
ARH,38.5,2022-06-06 17:21:17.497758
ARH,38.4,2022-06-06 17:21:28.048371
ARH,38.5,2022-06-06 17:21:38.514085
ARH,38.5,2022-06-06 17:21:48.745327
ARH,38.4,2022-06-06 17:21:59.279355
ARH,38.5,2022-06-06 17:25:16.918542
ARH,38.5,2022-06-06 17:25:27.373050
ARH,38.5,2022-06-06 17:25:37.620283
ARH,38.4,2022-06-06 17:25:48.089868
ARH,38.4,2022-06-06 17:25:58.595345
ARH,38.5,2022-06-06 17:26:09.021637
ARH,38.5,2022-06-06 17:26:19.249596
ARH,38.4,2022-06-06 17:26:29.754772
ARH,38.5,2022-06-06 17:26:40.193514
ARH,38.5,2022-06-06 17:26:50.406739
ARH,38.5,2022-06-06 17:27:00.882929
ARH,38.5,2022-06-06 17:27:11.367014
ARH,38.5,2022-06-06 17:27:21.754711
ARH,38.5,2022-06-06 17:27:32.189002
ARH,38.5,2022-06-06 17:27:42.636548
ARH,38.5,2022-06-06 17:27:52.917892
ARH,38.5,2022-06-06 17:28:03.390702
ARH,38.5,2022-06-06 17:28:13.768960
ARH,38.4,2022-06-06 17:28:24.206466
ARH,38.5,2022-06-06 17:28:34.662959
ARH,38.5,2022-06-06 17:28:44.882034
ARH,38.4,2022-06-06 17:28:55.323539
ARH,38.5,2022-06-06 17:29:05.741137
ARH,38.5,2022-06-06 17:29:16.223585
ARH,38.5,2022-06-06 17:29:26.658015
ARH,38.4,2022-06-06 17:29:36.882770
ARH,38.4,2022-06-06 17:29:47.317304
ARH,38.4,2022-06-06 17:29:57.712734
ARH,38.4,2022-06-06 17:30:08.084470
ARH,38.5,2022-06-06 17:30:18.496112
ARH,38.5,2022-06-06 17:30:28.968742
ARH,38.4,2022-06-06 17:30:39.446873
ARH,38.5,2022-06-06 17:30:49.787102
ARH,38.5,2022-06-06 17:31:00.219805
ARH,38.5,2022-06-06 17:31:10.703555
ARH,38.5,2022-06-06 17:31:20.922308
ARH,38.4,2022-06-06 17:31:31.343792
ARH,38.5,2022-06-06 17:31:41.754469
ARH,38.5,2022-06-06 17:31:52.211837
ARH,38.5,2022-06-06 17:32:02.637542
ARH,38.5,2022-06-06 17:32:13.047380
ARH,38.4,2022-06-06 17:32:23.511957
ARH,38.5,2022-06-06 17:32:33.897126
ARH,38.5,2022-06-06 17:32:44.322569
ARH,38.5,2022-06-06 17:32:54.761224
ARH,38.5,2022-06-06 17:33:04.959399
ARH,38.5,2022-06-06 17:33:15.407899
ARH,38.5,2022-06-06 17:33:25.822459
ARH,38.5,2022-06-06 17:33:36.207438
ARH,38.5,2022-06-06 17:33:46.694892
ARH,38.4,2022-06-06 17:33:57.144197
ARH,38.5,2022-06-06 17:34:07.540619
ARH,38.4,2022-06-06 17:34:18.008942
ARH,38.5,2022-06-06 17:34:28.203517
ARH,38.5,2022-06-06 17:34:38.665764
ARH,38.5,2022-06-06 17:34:49.147741
ARH,38.5,2022-06-06 17:34:59.608809
ARH,38.5,2022-06-06 17:35:09.836658
ARH,38.5,2022-06-06 17:35:20.239235
ARH,38.4,2022-06-06 17:35:30.722230
ARH,38.5,2022-06-06 17:35:41.182736
ARH,38.5,2022-06-06 17:35:51.625897
ARH,38.5,2022-06-06 17:36:02.095410
ARH,38.5,2022-06-06 17:36:12.320976
ARH,38.5,2022-06-06 17:36:22.759926
ARH,38.5,2022-06-06 17:36:33.220321
ARH,38.5,2022-06-06 17:36:43.502948
ARH,38.5,2022-06-06 17:36:53.979029
ARH,38.5,2022-06-06 17:37:04.529227
ARH,38.5,2022-06-06 17:37:14.941076
ARH,38.5,2022-06-06 17:37:25.115413
ARH,38.5,2022-06-06 17:37:35.638919
ARH,38.5,2022-06-06 17:37:46.074373
ARH,38.5,2022-06-06 17:37:56.543973
ARH,38.5,2022-06-06 17:38:06.756161
ARH,38.5,2022-06-06 17:38:17.214581
ARH,38.5,2022-06-06 17:38:27.683136
ARH,38.5,2022-06-06 17:38:37.994570
ARH,38.5,2022-06-06 17:38:48.431832
ARH,38.5,2022-06-06 17:38:58.939239
ARH,38.5,2022-06-06 17:39:09.148101
ARH,38.5,2022-06-06 17:39:19.691151
ARH,38.5,2022-06-06 17:39:29.969408
ARH,38.5,2022-06-06 17:39:40.451413
ARH,38.5,2022-06-06 17:39:50.951051
ARH,38.5,2022-06-06 17:40:01.369266
ARH,38.5,2022-06-06 17:40:11.743963
ARH,38.5,2022-06-06 17:40:22.216217
ARH,38.5,2022-06-06 17:40:32.635344
ARH,38.5,2022-06-06 17:40:42.829425
ARH,38.5,2022-06-06 17:40:53.354680
ARH,38.5,2022-06-06 17:41:03.623569
ARH,38.5,2022-06-06 17:41:14.123396
ARH,38.5,2022-06-06 17:41:24.635972
ARH,38.5,2022-06-06 17:41:34.811581
ARH,38.6,2022-06-06 17:41:45.331060
ARH,38.5,2022-06-06 17:41:55.845078
ARH,38.6,2022-06-06 17:42:06.247763
ARH,38.6,2022-06-06 17:42:16.421567
ARH,38.6,2022-06-06 17:42:26.897373
ARH,38.6,2022-06-06 17:42:37.313304
ARH,38.6,2022-06-06 17:42:47.721562
ARH,38.6,2022-06-06 17:42:58.237333
ARH,38.6,2022-06-06 17:43:08.689041
ARH,38.6,2022-06-06 17:43:18.925930
ARH,38.5,2022-06-06 17:43:29.400953
ARH,38.6,2022-06-06 17:43:39.867446
ARH,38.6,2022-06-06 17:43:50.075849
ARH,38.6,2022-06-06 17:44:00.649843
ARH,38.6,2022-06-06 17:44:11.139610
ARH,38.6,2022-06-06 17:44:21.382715
ARH,38.6,2022-06-06 17:44:31.886445
ARH,38.6,2022-06-06 17:44:42.326211
ARH,38.6,2022-06-06 17:44:52.535726
ARH,38.6,2022-06-06 17:45:03.061531
ARH,38.6,2022-06-06 17:45:13.291309
ARH,38.6,2022-06-06 17:45:23.777896
ARH,38.6,2022-06-06 17:45:34.332175
ARH,38.6,2022-06-06 17:45:44.514437
ARH,38.6,2022-06-06 17:45:55.085198
ARH,38.6,2022-06-06 17:46:05.321342
ARH,38.6,2022-06-06 17:46:15.811244
ARH,38.6,2022-06-06 17:46:26.280930
ARH,38.6,2022-06-06 17:46:36.671808
ARH,38.6,2022-06-06 17:46:47.152552
ARH,38.6,2022-06-06 17:46:57.370188
ARH,38.6,2022-06-06 17:47:07.872469
ARH,38.6,2022-06-06 17:47:18.389997
ARH,38.6,2022-06-06 17:47:28.822495
ARH,38.6,2022-06-06 17:47:39.016602
ARH,38.6,2022-06-06 17:47:49.539804
ARH,38.6,2022-06-06 17:47:59.811084
ARH,38.7,2022-06-06 17:48:10.237510
ARH,38.6,2022-06-06 17:48:20.672786
ARH,38.7,2022-06-06 17:48:31.173538
ARH,38.7,2022-06-06 17:48:41.400477
ARH,38.7,2022-06-06 17:48:51.859524
ARH,38.7,2022-06-06 17:49:02.274321
ARH,38.7,2022-06-06 17:49:12.713977
ARH,38.6,2022-06-06 17:49:23.145354
ARH,38.6,2022-06-06 17:49:33.437523
ARH,38.7,2022-06-06 17:49:43.972906
ARH,38.7,2022-06-06 17:49:54.255812
ARH,38.6,2022-06-06 17:50:04.730252
ARH,38.6,2022-06-06 17:50:15.247526
ARH,38.6,2022-06-06 17:50:25.470443
ARH,38.7,2022-06-06 17:50:36.031186
ARH,38.6,2022-06-06 17:50:46.324169
ARH,38.7,2022-06-06 17:50:56.762479
ARH,38.6,2022-06-06 17:51:07.317866
ARH,38.7,2022-06-06 17:51:17.531855
ARH,38.6,2022-06-06 17:51:27.978901
ARH,38.7,2022-06-06 17:51:38.419037
ARH,38.6,2022-06-06 17:51:48.897401
ARH,38.6,2022-06-06 17:51:59.125485
ARH,38.7,2022-06-06 17:52:09.595562
ARH,38.7,2022-06-06 17:52:20.061704
ARH,38.7,2022-06-06 17:52:30.462540
ARH,38.7,2022-06-06 17:52:40.904643
ARH,38.7,2022-06-06 17:52:51.293269
ARH,38.7,2022-06-06 17:53:01.706822
ARH,38.7,2022-06-06 17:53:12.061035
ARH,38.7,2022-06-06 17:53:22.496679
ARH,38.7,2022-06-06 17:53:32.969446
ARH,38.7,2022-06-06 17:53:43.137156
ARH,38.7,2022-06-06 17:53:53.624284
ARH,38.7,2022-06-06 17:54:04.069000
ARH,38.7,2022-06-06 17:54:14.573140
ARH,38.7,2022-06-06 17:54:24.766812
ARH,38.7,2022-06-06 17:54:35.161853
ARH,38.7,2022-06-06 17:54:45.650599
ARH,38.7,2022-06-06 17:54:56.079943
ARH,38.7,2022-06-06 17:55:06.577069
ARH,38.7,2022-06-06 17:55:17.047809
ARH,38.7,2022-06-06 17:55:27.249863
ARH,38.7,2022-06-06 17:55:37.699285
ARH,38.7,2022-06-06 17:55:48.239219
ARH,38.7,2022-06-06 17:55:58.414042
ARH,38.7,2022-06-06 17:56:08.872471
ARH,38.7,2022-06-06 17:56:19.350514
ARH,38.7,2022-06-06 17:56:29.885036
ARH,38.7,2022-06-06 17:56:40.044190
ARH,38.7,2022-06-06 17:56:50.507418
ARH,38.7,2022-06-06 17:57:00.934931
ARH,38.7,2022-06-06 17:57:11.407323
ARH,38.7,2022-06-06 17:57:21.882891
ARH,38.7,2022-06-06 17:57:32.066641
ARH,38.7,2022-06-06 17:57:42.520427
ARH,38.7,2022-06-06 17:57:52.991924
ARH,38.7,2022-06-06 17:58:03.390243
ARH,38.7,2022-06-06 17:58:13.905289
ARH,38.7,2022-06-06 17:58:24.263986
ARH,38.7,2022-06-06 17:58:34.699073
ARH,38.7,2022-06-06 17:58:44.875099
ARH,38.7,2022-06-06 17:58:55.286143
ARH,38.7,2022-06-06 17:59:05.743800
ARH,38.7,2022-06-06 17:59:16.188499
ARH,38.7,2022-06-06 17:59:26.673427
ARH,38.7,2022-06-06 17:59:37.113190
ARH,38.7,2022-06-06 17:59:47.545134
ARH,38.7,2022-06-06 17:59:57.756139
ARH,38.7,2022-06-06 18:00:08.213004
ARH,38.7,2022-06-06 18:00:18.648004
ARH,38.7,2022-06-06 18:00:29.105852
ARH,38.7,2022-06-06 18:00:39.553506
ARH,38.7,2022-06-06 18:00:49.762674
ARH,38.7,2022-06-06 18:01:00.247177
ARH,38.7,2022-06-06 18:01:10.633180
ARH,38.7,2022-06-06 18:01:21.086146
ARH,38.7,2022-06-06 18:01:31.612002
ARH,38.7,2022-06-06 18:01:41.762541
ARH,38.7,2022-06-06 18:01:52.198546
ARH,38.7,2022-06-06 18:02:02.598993
ARH,38.7,2022-06-06 18:02:13.098670
ARH,38.7,2022-06-06 18:02:23.633417
ARH,38.7,2022-06-06 18:02:34.027517
ARH,38.7,2022-06-06 18:02:44.194412
ARH,38.7,2022-06-06 18:02:54.706791
ARH,38.7,2022-06-06 18:03:05.154950
ARH,38.7,2022-06-06 18:03:15.545588
ARH,38.7,2022-06-06 18:03:26.026650
ARH,38.7,2022-06-06 18:03:36.445796
ARH,38.7,2022-06-06 18:03:46.625689
ARH,38.7,2022-06-06 18:03:57.135030
ARH,38.7,2022-06-06 18:04:07.566874
ARH,38.7,2022-06-06 18:04:18.065541
ARH,38.7,2022-06-06 18:04:28.467163
ARH,38.7,2022-06-06 18:04:38.634146
ARH,38.7,2022-06-06 18:04:49.124863
ARH,38.7,2022-06-06 18:04:59.612541
ARH,38.7,2022-06-06 18:05:10.099282
ARH,38.7,2022-06-06 18:05:20.284851
ARH,38.7,2022-06-06 18:05:30.935090
ARH,38.7,2022-06-06 18:05:41.111071
ARH,38.7,2022-06-06 18:05:51.564022
ARH,38.7,2022-06-06 18:06:01.923003
ARH,38.7,2022-06-06 18:06:12.341175
ARH,38.7,2022-06-06 18:06:22.770729
ARH,38.7,2022-06-06 18:06:33.179802
ARH,38.7,2022-06-06 18:06:43.639394
ARH,38.7,2022-06-06 18:06:54.118003
ARH,38.7,2022-06-06 18:07:04.538009
ARH,38.7,2022-06-06 18:07:14.713572
ARH,38.7,2022-06-06 18:07:25.206985
ARH,38.7,2022-06-06 18:07:35.575976
ARH,38.7,2022-06-06 18:07:46.004597
ARH,38.6,2022-06-06 18:07:56.453344
ARH,38.7,2022-06-06 18:08:06.919838
ARH,38.7,2022-06-06 18:08:17.270651
ARH,38.7,2022-06-06 18:08:27.702527
ARH,38.7,2022-06-06 18:08:38.080763
ARH,38.7,2022-06-06 18:08:48.579330
ARH,38.7,2022-06-06 18:08:58.934298
ARH,38.6,2022-06-06 18:09:09.398466
ARH,38.7,2022-06-06 18:09:19.604766
ARH,38.6,2022-06-06 18:09:30.058980
ARH,38.6,2022-06-06 18:09:40.503037
ARH,38.7,2022-06-06 18:09:50.923056
ARH,38.7,2022-06-06 18:10:01.372613
ARH,38.7,2022-06-06 18:10:11.812413
ARH,38.6,2022-06-06 18:10:22.233785
ARH,38.7,2022-06-06 18:10:32.642212
ARH,38.6,2022-06-06 18:10:43.033463
ARH,38.7,2022-06-06 18:10:53.469032
ARH,38.6,2022-06-06 18:11:03.874973
ARH,38.6,2022-06-06 18:11:14.061031
ARH,38.6,2022-06-06 18:11:24.507680
ARH,38.7,2022-06-06 18:11:34.889815
ARH,38.6,2022-06-06 18:11:45.381554
ARH,38.6,2022-06-06 18:11:55.812223
ARH,38.6,2022-06-06 18:12:06.243179
ARH,38.7,2022-06-06 18:12:16.466779
ARH,38.7,2022-06-06 18:12:26.953380
ARH,38.6,2022-06-06 18:12:37.395672
ARH,38.6,2022-06-06 18:12:47.821922
ARH,38.6,2022-06-06 18:12:58.284725
ARH,38.6,2022-06-06 18:13:08.740375
ARH,38.6,2022-06-06 18:13:18.957921
ARH,38.6,2022-06-06 18:13:29.429112
ARH,38.6,2022-06-06 18:13:39.888522
ARH,38.6,2022-06-06 18:13:50.357403
ARH,38.6,2022-06-06 18:14:00.562559
ARH,38.6,2022-06-06 18:14:11.014729
ARH,38.6,2022-06-06 18:14:21.495680
ARH,38.6,2022-06-06 18:14:31.945087
ARH,38.6,2022-06-06 18:14:42.370666
ARH,38.6,2022-06-06 18:14:52.519815
ARH,38.6,2022-06-06 18:15:02.967613
ARH,38.6,2022-06-06 18:15:13.438623
ARH,38.6,2022-06-06 18:15:23.967277
ARH,38.6,2022-06-06 18:15:34.190232
ARH,38.6,2022-06-06 18:15:44.725868
ARH,38.6,2022-06-06 18:15:55.149170
ARH,38.6,2022-06-06 18:16:05.379699
ARH,38.6,2022-06-06 18:16:15.844412
ARH,38.6,2022-06-06 18:16:26.321104
ARH,38.6,2022-06-06 18:16:36.794885
ARH,38.6,2022-06-06 18:16:47.239774
ARH,38.6,2022-06-06 18:16:57.445420
ARH,38.6,2022-06-06 18:17:07.822316
ARH,38.6,2022-06-06 18:17:18.326296
ARH,38.6,2022-06-06 18:17:28.839223
ARH,38.6,2022-06-06 18:17:39.072259
ARH,38.6,2022-06-06 18:17:49.573123
ARH,38.6,2022-06-06 18:17:59.811833
ARH,38.6,2022-06-06 18:18:10.283489
ARH,38.6,2022-06-06 18:18:20.683811
ARH,38.6,2022-06-06 18:18:31.183129
ARH,38.6,2022-06-06 18:18:41.681769
ARH,38.6,2022-06-06 18:18:51.881682
ARH,38.6,2022-06-06 18:19:02.403424
ARH,38.6,2022-06-06 18:19:12.868658
ARH,38.6,2022-06-06 18:19:23.078286
ARH,38.6,2022-06-06 18:19:33.542221
ARH,38.6,2022-06-06 18:19:44.024250
ARH,38.6,2022-06-06 18:19:54.512358
ARH,38.6,2022-06-06 18:20:04.697049
ARH,38.6,2022-06-06 18:20:15.204375
ARH,38.6,2022-06-06 18:20:25.679495
ARH,38.6,2022-06-06 18:20:36.138384
ARH,38.6,2022-06-06 18:20:46.323991
ARH,38.6,2022-06-06 18:20:56.773581
ARH,38.6,2022-06-06 18:21:07.152847
ARH,38.6,2022-06-06 18:21:17.662524
ARH,38.6,2022-06-06 18:21:28.166110
ARH,38.6,2022-06-06 18:21:38.350804
ARH,38.6,2022-06-06 18:21:48.913556
ARH,38.6,2022-06-06 18:21:59.346218
ARH,38.6,2022-06-06 18:22:09.537121
ARH,38.6,2022-06-06 18:22:20.042522
ARH,38.6,2022-06-06 18:22:30.555767
ARH,38.6,2022-06-06 18:22:40.743868
ARH,38.6,2022-06-06 18:22:51.185187
ARH,38.6,2022-06-06 18:23:01.651587
ARH,38.6,2022-06-06 18:23:12.123429
ARH,38.6,2022-06-06 18:23:32.770797
ARH,38.6,2022-06-06 18:23:43.219500
ARH,38.6,2022-06-06 18:23:53.695820
ARH,38.6,2022-06-06 18:24:04.195254
ARH,38.6,2022-06-06 18:24:14.588395
ARH,38.6,2022-06-06 18:24:25.055470
ARH,38.6,2022-06-06 18:24:35.245929
ARH,38.6,2022-06-06 18:24:45.729220
ARH,38.6,2022-06-06 18:24:56.150059
ARH,38.6,2022-06-06 18:25:06.564341
ARH,38.6,2022-06-06 18:25:17.088474
ARH,38.6,2022-06-06 18:25:27.247038
ARH,38.6,2022-06-06 18:25:37.731831
ARH,38.6,2022-06-06 18:25:48.210241
ARH,38.6,2022-06-06 18:25:58.466375
ARH,38.6,2022-06-06 18:26:08.955104
ARH,38.6,2022-06-06 18:26:19.439853
ARH,38.6,2022-06-06 18:26:29.670652
ARH,38.6,2022-06-06 18:26:40.097499
ARH,38.6,2022-06-06 18:26:50.564277
ARH,38.6,2022-06-06 18:27:01.102742
ARH,38.6,2022-06-06 18:27:11.316563
ARH,38.6,2022-06-06 18:27:21.794349
ARH,38.6,2022-06-06 18:27:32.174965
ARH,38.6,2022-06-06 18:27:42.615668
ARH,38.6,2022-06-06 18:27:52.987767
ARH,38.6,2022-06-06 18:28:03.472684
ARH,38.6,2022-06-06 18:28:13.712881
ARH,38.6,2022-06-06 18:28:24.185277
ARH,38.6,2022-06-06 18:28:34.659488
ARH,38.6,2022-06-06 18:28:45.138239
ARH,38.6,2022-06-06 18:28:55.361894
ARH,38.6,2022-06-06 18:29:05.802381
ARH,38.6,2022-06-06 18:29:16.281280
ARH,38.6,2022-06-06 18:29:26.721465
ARH,38.6,2022-06-06 18:29:36.980070
ARH,38.6,2022-06-06 18:29:47.549138
ARH,38.5,2022-06-06 18:29:57.750696
ARH,38.5,2022-06-06 18:30:08.259103
ARH,38.6,2022-06-06 18:30:18.781242
ARH,38.6,2022-06-06 18:30:29.213551
ARH,38.6,2022-06-06 18:30:39.364964
ARH,38.6,2022-06-06 18:30:49.852213
ARH,38.5,2022-06-06 18:31:00.328296
ARH,38.5,2022-06-06 18:31:10.828161
ARH,38.6,2022-06-06 18:31:21.029777
ARH,38.6,2022-06-06 18:31:31.488458
ARH,38.6,2022-06-06 18:31:41.955357
ARH,38.5,2022-06-06 18:31:52.429798
ARH,38.5,2022-06-06 18:32:02.861216
ARH,38.6,2022-06-06 18:32:13.014104
ARH,38.5,2022-06-06 18:32:23.524212
ARH,38.6,2022-06-06 18:32:34.048451
ARH,38.6,2022-06-06 18:32:44.303178
ARH,38.5,2022-06-06 18:32:54.792481
ARH,38.5,2022-06-06 18:33:05.292430
ARH,38.5,2022-06-06 18:33:15.512943
ARH,38.5,2022-06-06 18:33:25.972543
ARH,38.6,2022-06-06 18:33:36.408499
ARH,38.5,2022-06-06 18:33:46.871359
ARH,38.6,2022-06-06 18:33:57.081366
ARH,38.6,2022-06-06 18:34:07.551445
ARH,38.6,2022-06-06 18:34:18.083181
ARH,38.6,2022-06-06 18:34:28.522689
ARH,38.6,2022-06-06 18:34:38.777939
ARH,38.6,2022-06-06 18:34:49.263249
ARH,38.5,2022-06-06 18:34:59.517047
ARH,38.6,2022-06-06 18:35:10.011939
ARH,38.6,2022-06-06 18:35:20.473784
ARH,38.5,2022-06-06 18:35:30.717037
ARH,38.5,2022-06-06 18:35:41.188872
ARH,38.5,2022-06-06 18:35:51.725777
ARH,38.6,2022-06-06 18:36:01.919475
ARH,38.5,2022-06-06 18:36:12.423854
ARH,38.6,2022-06-06 18:36:22.862217
ARH,38.5,2022-06-06 18:36:33.319716
ARH,38.5,2022-06-06 18:36:43.793617
ARH,38.6,2022-06-06 18:36:53.950605
ARH,38.5,2022-06-06 18:37:04.365025
ARH,38.6,2022-06-06 18:37:14.806400
ARH,38.5,2022-06-06 18:37:25.281117
ARH,38.6,2022-06-06 18:37:35.745820
ARH,38.6,2022-06-06 18:37:46.184764
ARH,38.6,2022-06-06 18:37:56.428050
ARH,38.5,2022-06-06 18:38:06.915052
ARH,38.5,2022-06-06 18:38:17.379928
ARH,38.5,2022-06-06 18:38:27.616072
ARH,38.5,2022-06-06 18:38:38.121749
ARH,38.6,2022-06-06 18:38:48.541572
ARH,38.5,2022-06-06 18:38:59.046909
ARH,38.5,2022-06-06 18:39:09.296530
ARH,38.5,2022-06-06 18:39:19.776698
ARH,38.6,2022-06-06 18:39:30.017184
ARH,38.6,2022-06-06 18:39:40.514766
ARH,38.5,2022-06-06 18:39:51.053482
ARH,38.5,2022-06-06 18:40:01.233847
ARH,38.5,2022-06-06 18:40:11.677852
ARH,38.6,2022-06-06 18:40:22.199295
ARH,38.6,2022-06-06 18:40:32.696294
ARH,38.5,2022-06-06 18:40:42.910714
ARH,38.6,2022-06-06 18:40:53.374531
ARH,38.6,2022-06-06 18:41:03.888687
ARH,38.5,2022-06-06 18:41:14.083383
ARH,38.6,2022-06-06 18:41:24.585063
ARH,38.5,2022-06-06 18:41:35.079405
ARH,38.5,2022-06-06 18:41:45.533052
ARH,38.6,2022-06-06 18:41:55.776192
ARH,38.6,2022-06-06 18:42:06.185811
ARH,38.5,2022-06-06 18:42:16.688048
ARH,38.6,2022-06-06 18:42:26.943958
ARH,38.5,2022-06-06 18:42:37.372816
ARH,38.5,2022-06-06 18:42:47.854234
ARH,38.6,2022-06-06 18:42:58.302883
ARH,38.6,2022-06-06 18:43:08.745842
ARH,38.5,2022-06-06 18:43:18.924364
ARH,38.6,2022-06-06 18:43:29.437115
ARH,38.5,2022-06-06 18:43:39.963806
ARH,38.6,2022-06-06 18:43:50.386675
ARH,38.6,2022-06-06 18:44:00.572666
ARH,38.6,2022-06-06 18:44:11.091852
ARH,38.5,2022-06-06 18:44:21.589188
ARH,38.6,2022-06-06 18:44:31.814636
ARH,38.6,2022-06-06 18:44:42.326703
ARH,38.5,2022-06-06 18:44:52.835293
ARH,38.5,2022-06-06 18:45:03.070959
ARH,38.5,2022-06-06 18:45:13.548660
ARH,38.5,2022-06-06 18:45:24.033565
ARH,38.5,2022-06-06 18:45:34.232992
ARH,38.5,2022-06-06 18:45:44.737981
ARH,38.6,2022-06-06 18:45:55.242814
ARH,38.5,2022-06-06 18:46:05.436521
ARH,38.5,2022-06-06 18:46:15.858211
ARH,38.5,2022-06-06 18:46:26.293799
ARH,38.6,2022-06-06 18:46:36.832835
ARH,38.5,2022-06-06 18:46:47.041196
ARH,38.5,2022-06-06 18:46:57.502199
ARH,38.5,2022-06-06 18:47:07.947807
ARH,38.5,2022-06-06 18:47:18.504938
ARH,38.5,2022-06-06 18:47:28.708249
ARH,38.6,2022-06-06 18:47:39.248260
ARH,38.6,2022-06-06 18:47:49.694600
ARH,38.6,2022-06-06 18:47:59.920360
ARH,38.6,2022-06-06 18:48:10.355179
ARH,38.5,2022-06-06 18:48:20.867097
ARH,38.6,2022-06-06 18:48:31.090488
ARH,38.6,2022-06-06 18:48:41.564643
ARH,38.6,2022-06-06 18:48:52.078777
ARH,38.6,2022-06-06 18:49:02.304539
ARH,38.6,2022-06-06 18:49:12.771935
ARH,38.6,2022-06-06 18:49:23.258547
ARH,38.6,2022-06-06 18:49:33.703593
ARH,38.5,2022-06-06 18:49:44.099037
ARH,38.6,2022-06-06 18:49:54.514622
ARH,38.6,2022-06-06 18:50:04.718125
ARH,38.5,2022-06-06 18:50:15.162205
ARH,38.6,2022-06-06 18:50:25.690865
ARH,38.5,2022-06-06 18:50:36.177160
ARH,38.6,2022-06-06 18:50:46.342930
ARH,38.5,2022-06-06 18:50:56.853935
ARH,38.6,2022-06-06 18:51:07.322865
ARH,38.5,2022-06-06 18:51:17.551195
ARH,38.5,2022-06-06 18:51:27.990918
ARH,38.5,2022-06-06 18:51:38.417882
ARH,38.5,2022-06-06 18:51:48.851961
ARH,38.5,2022-06-06 18:51:59.309222
ARH,38.6,2022-06-06 18:52:09.777373
ARH,38.5,2022-06-06 18:52:19.976117
ARH,38.6,2022-06-06 18:52:30.420634
ARH,38.5,2022-06-06 18:52:40.865817
ARH,38.6,2022-06-06 18:52:51.303905
ARH,38.6,2022-06-06 18:53:01.762988
ARH,38.5,2022-06-06 18:53:12.161766
ARH,38.5,2022-06-06 18:53:22.660230
ARH,38.5,2022-06-06 18:53:32.852584
ARH,38.5,2022-06-06 18:53:43.294517
ARH,38.5,2022-06-06 18:53:53.800368
ARH,38.5,2022-06-06 18:54:04.273432
ARH,38.5,2022-06-06 18:54:14.449870
ARH,38.5,2022-06-06 18:54:24.901125
ARH,38.5,2022-06-06 18:54:35.343287
ARH,38.6,2022-06-06 18:54:45.788998
ARH,38.5,2022-06-06 18:54:56.219442
ARH,38.5,2022-06-06 18:55:06.614732
ARH,38.5,2022-06-06 18:55:16.871441
ARH,38.5,2022-06-06 18:55:27.393367
ARH,38.5,2022-06-06 18:55:37.929926
ARH,38.5,2022-06-06 18:55:48.152205
ARH,38.6,2022-06-06 18:55:58.670685
ARH,38.5,2022-06-06 18:56:09.104561
ARH,38.5,2022-06-06 18:56:19.345069
ARH,38.5,2022-06-06 18:56:29.827207
ARH,38.5,2022-06-06 18:56:40.271693
ARH,38.5,2022-06-06 18:56:50.527825
ARH,38.5,2022-06-06 18:57:01.051528
ARH,38.5,2022-06-06 18:57:11.571377
ARH,38.5,2022-06-06 18:57:21.720966
ARH,38.5,2022-06-06 18:57:32.221874
ARH,38.5,2022-06-06 18:57:42.739877
ARH,38.5,2022-06-06 18:57:52.931760
ARH,38.5,2022-06-06 18:58:03.390935
ARH,38.5,2022-06-06 18:58:13.855984
ARH,38.6,2022-06-06 18:58:24.357137
ARH,38.6,2022-06-06 18:58:34.576030
ARH,38.5,2022-06-06 18:58:45.031188
ARH,38.5,2022-06-06 18:58:55.525117
ARH,38.5,2022-06-06 18:59:06.031030
ARH,38.5,2022-06-06 18:59:16.203908
ARH,38.5,2022-06-06 18:59:26.692973
ARH,38.5,2022-06-06 18:59:37.040519
ARH,38.6,2022-06-06 18:59:47.537651
ARH,38.5,2022-06-06 18:59:57.925656
ARH,38.5,2022-06-06 19:00:08.210438
ARH,38.5,2022-06-06 19:00:18.748603
ARH,38.5,2022-06-06 19:00:29.240952
ARH,38.5,2022-06-06 19:00:39.474268
ARH,38.5,2022-06-06 19:00:49.904543
ARH,38.5,2022-06-06 19:01:00.403550
ARH,38.5,2022-06-06 19:01:10.880955
ARH,38.5,2022-06-06 19:01:21.054775
ARH,38.5,2022-06-06 19:01:31.543601
ARH,38.5,2022-06-06 19:01:42.037662
ARH,38.5,2022-06-06 19:01:52.265586
ARH,38.5,2022-06-06 19:02:02.802443
ARH,38.5,2022-06-06 19:02:13.273951
ARH,38.5,2022-06-06 19:02:23.497418
ARH,38.5,2022-06-06 19:02:33.998779
ARH,38.5,2022-06-06 19:02:44.412901
ARH,38.5,2022-06-06 19:02:54.676936
ARH,38.5,2022-06-06 19:03:05.145591
ARH,38.5,2022-06-06 19:03:15.596324
ARH,38.5,2022-06-06 19:03:26.119649
ARH,38.5,2022-06-06 19:03:36.326959
ARH,38.6,2022-06-06 19:03:46.812264
ARH,38.5,2022-06-06 19:03:57.305107
ARH,38.5,2022-06-06 19:04:07.505183
ARH,38.5,2022-06-06 19:04:17.999813
ARH,38.5,2022-06-06 19:04:28.529094
ARH,38.5,2022-06-06 19:04:38.732663
ARH,38.6,2022-06-06 19:04:49.163626
ARH,38.6,2022-06-06 19:04:59.674455
ARH,38.5,2022-06-06 19:05:09.944641
ARH,38.5,2022-06-06 19:05:20.448231
ARH,38.5,2022-06-06 19:05:30.932675
ARH,38.5,2022-06-06 19:05:41.162526
ARH,38.5,2022-06-06 19:05:51.655349
ARH,38.5,2022-06-06 19:06:02.185711
ARH,38.5,2022-06-06 19:06:12.392478
ARH,38.5,2022-06-06 19:06:22.820236
ARH,38.5,2022-06-06 19:06:33.321622
ARH,38.5,2022-06-06 19:06:43.753448
ARH,38.5,2022-06-06 19:06:54.235583
ARH,38.5,2022-06-06 19:07:04.464129
ARH,38.5,2022-06-06 19:07:14.993971
ARH,38.5,2022-06-06 19:07:25.459781
ARH,38.5,2022-06-06 19:07:35.664298
ARH,38.5,2022-06-06 19:07:46.178773
ARH,38.5,2022-06-06 19:07:56.418542
ARH,38.5,2022-06-06 19:08:06.960987
ARH,38.5,2022-06-06 19:08:17.460455
ARH,38.5,2022-06-06 19:08:27.888915
ARH,38.5,2022-06-06 19:08:38.318303
ARH,38.5,2022-06-06 19:08:48.491473
ARH,38.5,2022-06-06 19:08:58.952147
ARH,38.5,2022-06-06 19:09:09.408554
ARH,38.5,2022-06-06 19:09:19.865315
ARH,38.5,2022-06-06 19:09:30.059139
ARH,38.5,2022-06-06 19:09:40.495471
ARH,38.5,2022-06-06 19:09:50.992541
ARH,38.5,2022-06-06 19:10:01.476559
ARH,38.5,2022-06-06 19:10:11.930653
ARH,38.5,2022-06-06 19:10:22.140258
ARH,38.5,2022-06-06 19:10:32.648467
ARH,38.5,2022-06-06 19:10:42.915503
ARH,38.5,2022-06-06 19:10:53.433785
ARH,38.5,2022-06-06 19:11:03.907803
ARH,38.5,2022-06-06 19:11:14.345977
ARH,38.5,2022-06-06 19:11:24.573403
ARH,38.5,2022-06-06 19:11:35.042310
ARH,38.5,2022-06-06 19:11:45.548020
ARH,38.5,2022-06-06 19:11:55.763386
ARH,38.5,2022-06-06 19:12:06.256208
ARH,38.5,2022-06-06 19:12:16.702134
ARH,38.5,2022-06-06 19:12:27.193797
ARH,38.5,2022-06-06 19:12:37.442190
ARH,38.5,2022-06-06 19:12:47.922687
ARH,38.5,2022-06-06 19:12:58.170156
ARH,38.5,2022-06-06 19:13:08.652866
ARH,38.5,2022-06-06 19:13:19.157658
ARH,38.5,2022-06-06 19:13:29.382404
ARH,38.5,2022-06-06 19:13:39.870006
ARH,38.5,2022-06-06 19:13:50.335752
ARH,38.5,2022-06-06 19:14:00.808716
ARH,38.5,2022-06-06 19:14:11.010535
ARH,38.6,2022-06-06 19:14:21.510887
ARH,38.5,2022-06-06 19:14:32.020888
ARH,38.5,2022-06-06 19:14:42.234195
ARH,38.5,2022-06-06 19:14:52.690391
ARH,38.5,2022-06-06 19:15:03.123639
ARH,38.5,2022-06-06 19:15:13.643855
ARH,38.5,2022-06-06 19:15:23.861504
ARH,38.5,2022-06-06 19:15:34.392191
ARH,38.5,2022-06-06 19:15:44.863753
ARH,38.5,2022-06-06 19:15:55.302546
ARH,38.5,2022-06-06 19:16:05.514657
ARH,38.5,2022-06-06 19:16:15.988402
ARH,38.5,2022-06-06 19:16:26.490858
ARH,38.5,2022-06-06 19:16:36.728375
ARH,38.5,2022-06-06 19:16:47.134951
ARH,38.5,2022-06-06 19:16:57.601622
ARH,38.5,2022-06-06 19:17:08.107730
ARH,38.5,2022-06-06 19:17:18.374912
ARH,38.5,2022-06-06 19:17:28.881388
ARH,38.5,2022-06-06 19:17:39.110401
ARH,38.5,2022-06-06 19:17:49.646764
ARH,38.5,2022-06-06 19:18:00.116544
ARH,38.5,2022-06-06 19:18:10.547845
ARH,38.5,2022-06-06 19:18:20.732611
ARH,38.5,2022-06-06 19:18:31.281899
ARH,38.5,2022-06-06 19:18:41.727259
ARH,38.5,2022-06-06 19:18:51.936828
ARH,38.5,2022-06-06 19:19:02.428607
ARH,38.5,2022-06-06 19:19:12.857670
ARH,38.5,2022-06-06 19:19:23.371886
ARH,38.5,2022-06-06 19:19:33.610223
ARH,38.5,2022-06-06 19:19:44.103805
ARH,38.5,2022-06-06 19:19:54.394934
ARH,38.5,2022-06-06 19:20:04.916899
ARH,38.5,2022-06-06 19:20:15.360291
ARH,38.6,2022-06-06 19:20:25.799199
ARH,38.5,2022-06-06 19:20:35.995929
ARH,38.5,2022-06-06 19:20:46.509928
ARH,38.5,2022-06-06 19:20:57.041889
ARH,38.5,2022-06-06 19:21:07.233087
ARH,38.5,2022-06-06 19:21:17.734630
ARH,38.5,2022-06-06 19:21:28.218952
ARH,38.5,2022-06-06 19:21:38.466472
ARH,38.5,2022-06-06 19:21:48.920140
ARH,38.5,2022-06-06 19:21:59.337742
ARH,38.5,2022-06-06 19:22:09.807950
ARH,38.5,2022-06-06 19:22:20.293416
ARH,38.5,2022-06-06 19:22:30.506804
ARH,38.5,2022-06-06 19:22:41.012208
ARH,38.5,2022-06-06 19:22:51.466180
ARH,38.5,2022-06-06 19:23:01.686821
ARH,38.5,2022-06-06 19:23:12.086804
ARH,38.5,2022-06-06 19:23:22.624930
ARH,38.5,2022-06-06 19:23:32.854993
ARH,38.5,2022-06-06 19:23:43.331396
ARH,38.5,2022-06-06 19:23:53.815160
ARH,38.5,2022-06-06 19:24:04.301780
ARH,38.5,2022-06-06 19:24:14.551420
ARH,38.5,2022-06-06 19:24:25.018241
ARH,38.5,2022-06-06 19:24:35.479920
ARH,38.5,2022-06-06 19:24:45.686413
ARH,38.5,2022-06-06 19:24:56.193829
ARH,38.5,2022-06-06 19:25:06.713964
ARH,38.5,2022-06-06 19:25:17.130705
ARH,38.5,2022-06-06 19:25:27.363395
ARH,38.5,2022-06-06 19:25:37.870149
ARH,38.5,2022-06-06 19:25:48.341368
ARH,38.5,2022-06-06 19:25:58.555318
ARH,38.5,2022-06-06 19:26:09.073180
ARH,38.5,2022-06-06 19:26:19.596616
ARH,38.5,2022-06-06 19:26:29.818238
ARH,38.5,2022-06-06 19:26:40.267877
ARH,38.5,2022-06-06 19:26:50.765720
ARH,38.5,2022-06-06 19:27:00.980898
ARH,38.5,2022-06-06 19:27:11.452180
ARH,38.5,2022-06-06 19:27:21.947429
ARH,38.5,2022-06-06 19:27:32.251301
ARH,38.5,2022-06-06 19:27:42.810670
ARH,38.5,2022-06-06 19:27:53.044560
ARH,38.5,2022-06-06 19:28:03.628974
ARH,38.5,2022-06-06 19:28:13.854511
ARH,38.5,2022-06-06 19:28:24.365059
ARH,38.5,2022-06-06 19:28:34.647471
ARH,38.5,2022-06-06 19:28:45.221369
ARH,38.5,2022-06-06 19:28:55.415642
ARH,38.5,2022-06-06 19:29:05.949909
ARH,38.5,2022-06-06 19:29:16.297593
ARH,38.5,2022-06-06 19:29:26.783964
ARH,38.5,2022-06-06 19:29:37.051433
ARH,38.5,2022-06-06 19:29:47.531253
ARH,38.5,2022-06-06 19:29:57.980901
ARH,38.5,2022-06-06 19:30:08.484539
ARH,38.5,2022-06-06 19:30:18.674324
ARH,38.5,2022-06-06 19:30:29.166042
ARH,38.5,2022-06-06 19:30:39.651400
ARH,38.5,2022-06-06 19:30:49.884295
ARH,38.5,2022-06-06 19:31:00.307340
ARH,38.5,2022-06-06 19:31:10.764549
ARH,38.5,2022-06-06 19:31:21.247993
ARH,38.5,2022-06-06 19:31:31.536417
ARH,38.5,2022-06-06 19:31:42.030418
ARH,38.5,2022-06-06 19:31:52.316893
ARH,38.5,2022-06-06 19:32:02.838240
ARH,38.5,2022-06-06 19:32:13.150876
ARH,38.5,2022-06-06 19:32:23.662057
ARH,38.5,2022-06-06 19:32:33.988220
ARH,38.5,2022-06-06 19:32:44.545300
ARH,38.5,2022-06-06 19:32:54.743857
ARH,38.5,2022-06-06 19:33:05.303407
ARH,38.6,2022-06-06 19:33:15.617355
ARH,38.5,2022-06-06 19:33:26.110252
ARH,38.5,2022-06-06 19:33:36.424457
ARH,38.5,2022-06-06 19:33:46.989456
ARH,38.5,2022-06-06 19:33:57.259667
ARH,38.5,2022-06-06 19:34:07.782187
ARH,38.5,2022-06-06 19:34:17.954220
ARH,38.5,2022-06-06 19:34:28.473920
ARH,38.5,2022-06-06 19:34:38.948030
ARH,38.5,2022-06-06 19:34:49.185510
ARH,38.5,2022-06-06 19:34:59.680652
ARH,38.5,2022-06-06 19:35:10.228582
ARH,38.5,2022-06-06 19:35:20.428896
ARH,38.5,2022-06-06 19:35:30.889273
ARH,38.5,2022-06-06 19:35:41.369814
ARH,38.5,2022-06-06 19:35:51.613057
ARH,38.5,2022-06-06 19:36:02.108639
ARH,38.5,2022-06-06 19:36:12.624498
ARH,38.5,2022-06-06 19:36:23.093367
ARH,38.5,2022-06-06 19:36:33.291693
ARH,38.5,2022-06-06 19:36:43.758524
ARH,38.5,2022-06-06 19:36:54.219078
ARH,38.5,2022-06-06 19:37:04.468613
ARH,38.5,2022-06-06 19:37:14.874605
ARH,38.5,2022-06-06 19:37:25.359559
ARH,38.5,2022-06-06 19:37:35.842900
ARH,38.5,2022-06-06 19:37:46.098449
ARH,38.5,2022-06-06 19:37:56.618376
ARH,38.5,2022-06-06 19:38:07.119535
ARH,38.5,2022-06-06 19:38:17.323933
ARH,38.5,2022-06-06 19:38:27.798474
ARH,38.5,2022-06-06 19:38:38.113216
ARH,38.5,2022-06-06 19:38:48.662996
ARH,38.5,2022-06-06 19:38:58.925407
ARH,38.5,2022-06-06 19:39:09.463419
ARH,38.5,2022-06-06 19:39:19.702379
ARH,38.5,2022-06-06 19:39:30.154081
ARH,38.5,2022-06-06 19:39:40.693801
ARH,38.5,2022-06-06 19:39:50.930534
ARH,38.5,2022-06-06 19:40:01.333990
ARH,38.5,2022-06-06 19:40:11.756238
ARH,38.5,2022-06-06 19:40:22.217162
ARH,38.5,2022-06-06 19:40:32.671781
ARH,38.5,2022-06-06 19:40:43.069820
ARH,38.5,2022-06-06 19:40:53.537940
ARH,38.5,2022-06-06 19:41:03.788303
ARH,38.5,2022-06-06 19:41:14.255439
ARH,38.5,2022-06-06 19:41:24.721911
ARH,38.5,2022-06-06 19:41:34.977397
ARH,38.5,2022-06-06 19:41:45.418626
ARH,38.5,2022-06-06 19:41:55.979374
ARH,38.5,2022-06-06 19:42:06.177281
ARH,38.5,2022-06-06 19:42:16.697283
ARH,38.5,2022-06-06 19:42:27.185060
ARH,38.5,2022-06-06 19:42:37.441567
ARH,38.5,2022-06-06 19:42:47.905932
ARH,38.5,2022-06-06 19:42:58.419393
ARH,38.5,2022-06-06 19:43:08.603481
ARH,38.5,2022-06-06 19:43:19.112360
ARH,38.5,2022-06-06 19:43:29.668810
ARH,38.5,2022-06-06 19:43:39.838197
ARH,38.5,2022-06-06 19:43:50.433122
ARH,38.5,2022-06-06 19:44:00.677029
ARH,38.5,2022-06-06 19:44:11.174686
ARH,38.6,2022-06-06 19:44:21.687110
ARH,38.5,2022-06-06 19:44:32.099193
ARH,38.5,2022-06-06 19:44:42.270631
ARH,38.5,2022-06-06 19:44:52.742466
ARH,38.5,2022-06-06 19:45:03.251287
ARH,38.5,2022-06-06 19:45:13.734247
ARH,38.5,2022-06-06 19:45:23.959497
ARH,38.5,2022-06-06 19:45:34.443856
ARH,38.5,2022-06-06 19:45:44.911985
ARH,38.5,2022-06-06 19:45:55.198704
ARH,38.5,2022-06-06 19:46:05.648606
ARH,38.5,2022-06-06 19:46:16.079489
ARH,38.5,2022-06-06 19:46:26.360287
ARH,38.5,2022-06-06 19:46:36.892707
ARH,38.5,2022-06-06 19:46:47.158070
ARH,38.5,2022-06-06 19:46:57.717832
ARH,38.5,2022-06-06 19:47:07.929285
ARH,38.5,2022-06-06 19:47:18.459140
ARH,38.6,2022-06-06 19:47:28.984262
ARH,38.5,2022-06-06 19:47:39.144084
ARH,38.5,2022-06-06 19:47:49.614559
ARH,38.5,2022-06-06 19:48:00.169023
ARH,38.5,2022-06-06 19:48:10.379217
ARH,38.5,2022-06-06 19:48:20.884174
ARH,38.5,2022-06-06 19:48:31.285808
ARH,38.5,2022-06-06 19:48:41.738931
ARH,38.5,2022-06-06 19:48:52.227284
ARH,38.5,2022-06-06 19:49:02.630826
ARH,38.5,2022-06-06 19:49:12.813872
ARH,38.5,2022-06-06 19:49:23.290542
ARH,38.5,2022-06-06 19:49:33.690049
ARH,38.5,2022-06-06 19:49:44.185304
ARH,38.5,2022-06-06 19:49:54.598940
ARH,38.5,2022-06-06 19:50:05.049028
ARH,38.5,2022-06-06 19:50:15.272236
ARH,38.5,2022-06-06 19:50:25.816328
ARH,38.5,2022-06-06 19:50:36.054097
ARH,38.5,2022-06-06 19:50:46.551699
ARH,38.5,2022-06-06 19:50:57.048999
ARH,38.5,2022-06-06 19:51:07.497684
ARH,38.5,2022-06-06 19:51:17.722037
ARH,38.5,2022-06-06 19:51:28.236747
ARH,38.5,2022-06-06 19:51:38.446974
ARH,38.5,2022-06-06 19:51:48.937077
ARH,38.5,2022-06-06 19:51:59.400804
ARH,38.5,2022-06-06 19:52:09.871700
ARH,38.5,2022-06-06 19:52:20.063943
ARH,38.5,2022-06-06 19:52:30.546036
ARH,38.5,2022-06-06 19:52:41.125971
ARH,38.5,2022-06-06 19:52:51.334571
ARH,38.5,2022-06-06 19:53:01.855284
ARH,38.5,2022-06-06 19:53:12.256293
ARH,38.5,2022-06-06 19:53:22.499339
ARH,38.5,2022-06-06 19:53:33.014329
ARH,38.5,2022-06-06 19:53:43.451932
ARH,38.6,2022-06-06 19:53:53.946663
ARH,38.5,2022-06-06 19:54:04.124595
ARH,38.5,2022-06-06 19:54:14.621888
ARH,38.6,2022-06-06 19:54:25.131385
ARH,38.5,2022-06-06 19:54:35.344056
ARH,38.5,2022-06-06 19:54:45.852825
ARH,38.5,2022-06-06 19:54:56.133860
ARH,38.5,2022-06-06 19:55:06.617710
ARH,38.5,2022-06-06 19:55:17.126277
ARH,38.5,2022-06-06 19:55:27.359549
ARH,38.5,2022-06-06 19:55:37.853773
ARH,38.5,2022-06-06 19:55:48.367697
ARH,38.5,2022-06-06 19:55:58.787772
ARH,38.5,2022-06-06 19:56:08.993438
ARH,38.5,2022-06-06 19:56:19.486877
ARH,38.5,2022-06-06 19:56:29.973540
ARH,38.5,2022-06-06 19:56:40.417068
ARH,38.5,2022-06-06 19:56:50.656524
ARH,38.5,2022-06-06 19:57:01.198730
ARH,38.5,2022-06-06 19:57:11.419851
ARH,38.5,2022-06-06 19:57:21.890617
ARH,38.5,2022-06-06 19:57:32.404237
ARH,38.5,2022-06-06 19:57:53.093011
ARH,38.5,2022-06-06 19:58:03.578121
ARH,38.5,2022-06-06 19:58:14.032659
ARH,38.5,2022-06-06 19:58:24.233438
ARH,38.5,2022-06-06 19:58:34.753562
ARH,38.5,2022-06-06 19:58:45.284255
ARH,38.5,2022-06-06 19:58:55.508198
ARH,38.5,2022-06-06 19:59:05.996186
ARH,38.5,2022-06-06 19:59:16.479589
ARH,38.5,2022-06-06 19:59:26.702274
ARH,38.5,2022-06-06 19:59:37.186685
ARH,38.5,2022-06-06 19:59:47.730559
ARH,38.5,2022-06-06 19:59:58.124802
ARH,38.5,2022-06-06 20:00:08.284882
ARH,38.5,2022-06-06 20:00:18.838020
ARH,38.6,2022-06-06 20:00:29.300765
ARH,38.5,2022-06-06 20:00:39.675621
ARH,38.5,2022-06-06 20:00:50.093927
ARH,38.6,2022-06-06 20:01:00.496528
ARH,38.5,2022-06-06 20:01:10.845728
ARH,38.5,2022-06-06 20:01:21.214169
ARH,38.5,2022-06-06 20:01:31.651712
ARH,38.5,2022-06-06 20:01:42.101843
ARH,38.5,2022-06-06 20:01:52.526676
ARH,38.5,2022-06-06 20:02:02.929181
ARH,38.5,2022-06-06 20:02:13.337574
ARH,38.5,2022-06-06 20:02:23.742502
ARH,38.5,2022-06-06 20:02:34.158160
ARH,38.5,2022-06-06 20:02:44.606319
ARH,38.5,2022-06-06 20:02:54.768399
ARH,38.5,2022-06-06 20:03:05.394535
ARH,38.5,2022-06-06 20:03:15.826681
ARH,38.5,2022-06-06 20:03:25.971629
ARH,38.5,2022-06-06 20:03:36.413510
ARH,38.5,2022-06-06 20:03:46.812046
ARH,38.5,2022-06-06 20:03:57.191373
ARH,38.5,2022-06-06 20:04:07.597711
ARH,38.5,2022-06-06 20:04:18.035497
ARH,38.5,2022-06-06 20:04:28.457423
ARH,38.5,2022-06-06 20:04:38.887930
ARH,38.5,2022-06-06 20:04:49.233654
ARH,38.5,2022-06-06 20:04:59.651206
ARH,38.5,2022-06-06 20:05:10.040600
ARH,38.5,2022-06-06 20:05:20.699356
ARH,38.5,2022-06-06 20:05:31.075273
ARH,38.5,2022-06-06 20:05:41.466765
ARH,38.5,2022-06-06 20:05:51.876737
ARH,38.5,2022-06-06 20:06:02.263392
ARH,38.5,2022-06-06 20:06:12.521173
ARH,38.5,2022-06-06 20:06:22.985010
ARH,38.5,2022-06-06 20:06:33.400472
ARH,38.5,2022-06-06 20:06:43.849483
ARH,38.5,2022-06-06 20:06:53.983404
ARH,38.5,2022-06-06 20:07:04.395975
ARH,38.5,2022-06-06 20:07:14.802025
ARH,38.5,2022-06-06 20:07:25.203267
ARH,38.5,2022-06-06 20:07:35.588863
ARH,38.5,2022-06-06 20:07:46.003639
ARH,38.5,2022-06-06 20:07:56.478100
ARH,38.5,2022-06-06 20:08:06.905244
ARH,38.5,2022-06-06 20:08:17.348370
ARH,38.5,2022-06-06 20:08:27.737002
ARH,38.5,2022-06-06 20:08:38.127498
ARH,38.5,2022-06-06 20:08:48.473159
ARH,38.5,2022-06-06 20:08:58.907542
ARH,38.5,2022-06-06 20:09:09.361346
ARH,38.5,2022-06-06 20:09:19.781466
ARH,38.5,2022-06-06 20:09:30.160189
ARH,38.5,2022-06-06 20:09:40.592837
ARH,38.5,2022-06-06 20:09:51.048266
ARH,38.5,2022-06-06 20:10:01.473542
ARH,38.5,2022-06-06 20:10:11.889946
ARH,38.5,2022-06-06 20:10:22.323461
ARH,38.5,2022-06-06 20:10:32.481086
ARH,38.5,2022-06-06 20:10:42.903292
ARH,38.5,2022-06-06 20:10:53.333090
ARH,38.5,2022-06-06 20:11:03.757615
ARH,38.5,2022-06-06 20:11:14.184343
ARH,38.5,2022-06-06 20:11:24.573885
ARH,38.5,2022-06-06 20:11:34.973067
ARH,38.5,2022-06-06 20:11:45.394344
ARH,38.5,2022-06-06 20:11:55.807983
ARH,38.5,2022-06-06 20:12:06.250839
ARH,38.5,2022-06-06 20:12:16.647857
ARH,38.5,2022-06-06 20:12:27.012229
ARH,38.5,2022-06-06 20:12:37.426060
ARH,38.5,2022-06-06 20:12:47.839758
ARH,38.5,2022-06-06 20:12:58.221690
ARH,38.5,2022-06-06 20:13:08.660738
ARH,38.5,2022-06-06 20:13:19.042719
ARH,38.5,2022-06-06 20:13:29.444998
ARH,38.5,2022-06-06 20:13:39.777984
ARH,38.5,2022-06-06 20:13:50.238659
ARH,38.5,2022-06-06 20:14:00.644108
ARH,38.5,2022-06-06 20:14:11.088208
ARH,38.5,2022-06-06 20:14:21.497396
ARH,38.5,2022-06-06 20:14:31.928302
ARH,38.5,2022-06-06 20:14:42.342612
ARH,38.5,2022-06-06 20:14:52.801628
ARH,38.5,2022-06-06 20:15:03.206602
ARH,38.5,2022-06-06 20:15:13.603062
ARH,38.5,2022-06-06 20:15:24.010150
ARH,38.5,2022-06-06 20:15:34.436374
ARH,38.5,2022-06-06 20:15:44.849107
ARH,38.5,2022-06-06 20:15:55.246389
ARH,38.5,2022-06-06 20:16:05.635446
ARH,38.5,2022-06-06 20:16:16.032611
ARH,38.5,2022-06-06 20:16:26.434908
ARH,38.5,2022-06-06 20:16:36.834415
ARH,38.5,2022-06-06 20:16:47.264307
ARH,38.5,2022-06-06 20:16:57.693574
ARH,38.5,2022-06-06 20:17:08.093622
ARH,38.5,2022-06-06 20:17:18.257450
ARH,38.5,2022-06-06 20:17:28.916705
ARH,38.5,2022-06-06 20:17:39.298500
ARH,38.5,2022-06-06 20:17:49.470102
ARH,38.5,2022-06-06 20:18:00.133964
ARH,38.5,2022-06-06 20:18:10.522339
ARH,38.5,2022-06-06 20:18:20.939485
ARH,38.5,2022-06-06 20:18:31.339349
ARH,38.5,2022-06-06 20:18:41.498470
ARH,38.5,2022-06-06 20:18:51.943948
ARH,38.5,2022-06-06 20:19:02.413173
ARH,38.5,2022-06-06 20:19:12.859847
ARH,38.5,2022-06-06 20:19:23.252465
ARH,38.5,2022-06-06 20:19:33.608238
ARH,38.5,2022-06-06 20:19:44.018762
ARH,38.5,2022-06-06 20:19:54.402147
ARH,38.5,2022-06-06 20:20:04.808405
ARH,38.5,2022-06-06 20:20:15.255017
ARH,38.5,2022-06-06 20:20:25.669706
ARH,38.5,2022-06-06 20:20:36.032058
ARH,38.5,2022-06-06 20:20:46.417349
ARH,38.5,2022-06-06 20:20:56.783005
ARH,38.5,2022-06-06 20:21:07.423784
ARH,38.5,2022-06-06 20:21:17.792132
ARH,38.5,2022-06-06 20:21:28.153403
ARH,38.5,2022-06-06 20:21:38.538910
ARH,38.5,2022-06-06 20:21:48.903650
ARH,38.5,2022-06-06 20:21:59.291140
ARH,38.5,2022-06-06 20:22:09.699626
ARH,38.5,2022-06-06 20:22:20.081280
ARH,38.5,2022-06-06 20:22:30.501428
ARH,38.5,2022-06-06 20:22:40.905673
ARH,38.5,2022-06-06 20:22:51.297604
ARH,38.5,2022-06-06 20:23:01.709677
ARH,38.5,2022-06-06 20:23:12.151214
ARH,38.5,2022-06-06 20:23:22.524579
ARH,38.5,2022-06-06 20:23:32.917040
ARH,38.5,2022-06-06 20:23:43.336348
ARH,38.5,2022-06-06 20:23:53.747458
ARH,38.5,2022-06-06 20:24:04.137702
ARH,38.5,2022-06-06 20:24:14.508637
ARH,38.5,2022-06-06 20:24:24.908434
ARH,38.6,2022-06-06 20:24:35.355246
ARH,38.5,2022-06-06 20:24:45.767947
ARH,38.5,2022-06-06 20:24:56.141711
ARH,38.5,2022-06-06 20:25:06.560383
ARH,38.5,2022-06-06 20:25:16.952620
ARH,38.5,2022-06-06 20:25:27.312464
ARH,38.5,2022-06-06 20:25:37.705614
ARH,38.5,2022-06-06 20:25:48.099005
ARH,38.5,2022-06-06 20:25:58.483032
ARH,38.5,2022-06-06 20:26:09.091827
ARH,38.6,2022-06-06 20:26:19.479014
ARH,38.6,2022-06-06 20:26:29.909972
ARH,38.5,2022-06-06 20:26:40.272016
ARH,38.5,2022-06-06 20:26:50.669666
ARH,38.6,2022-06-06 20:27:01.036840
ARH,38.5,2022-06-06 20:27:11.395497
ARH,38.5,2022-06-06 20:27:21.740993
ARH,38.5,2022-06-06 20:27:32.346190
ARH,38.6,2022-06-06 20:27:42.708356
ARH,38.6,2022-06-06 20:27:53.073987
ARH,38.6,2022-06-06 20:28:03.473810
ARH,38.5,2022-06-06 20:28:13.830410
ARH,38.6,2022-06-06 20:28:24.204646
ARH,38.6,2022-06-06 20:28:34.596688
ARH,38.5,2022-06-06 20:28:45.000340
ARH,38.6,2022-06-06 20:28:55.382736
ARH,38.6,2022-06-06 20:29:05.756223
ARH,38.5,2022-06-06 20:29:16.397511
ARH,38.6,2022-06-06 20:29:26.786282
ARH,38.5,2022-06-06 20:29:37.144433
ARH,38.5,2022-06-06 20:29:47.547164
ARH,38.5,2022-06-06 20:29:57.870965
ARH,38.5,2022-06-06 20:30:08.258958
ARH,38.5,2022-06-06 20:30:18.652497
ARH,38.5,2022-06-06 20:30:29.014145
ARH,38.5,2022-06-06 20:30:39.634537
ARH,38.6,2022-06-06 20:30:49.982676
ARH,38.6,2022-06-06 20:31:00.358035
ARH,38.6,2022-06-06 20:31:10.782714
ARH,38.5,2022-06-06 20:31:21.143345
ARH,38.6,2022-06-06 20:31:31.492661
ARH,38.5,2022-06-06 20:31:41.879850
ARH,38.6,2022-06-06 20:31:52.281751
ARH,38.5,2022-06-06 20:32:02.643974
ARH,38.5,2022-06-06 20:32:13.029338
ARH,38.5,2022-06-06 20:32:23.436061
ARH,38.6,2022-06-06 20:32:34.075678
ARH,38.6,2022-06-06 20:32:44.464986
ARH,38.6,2022-06-06 20:32:54.850533
ARH,38.6,2022-06-06 20:33:05.231868
ARH,38.6,2022-06-06 20:33:15.580770
ARH,38.5,2022-06-06 20:33:25.943596
ARH,38.6,2022-06-06 20:33:36.331502
ARH,38.6,2022-06-06 20:33:46.741261
