ATF,78.3,2022-06-06 17:25:17.179411
ATF,38.5,2022-06-06 17:25:27.376423
ATF,80.4,2022-06-06 17:25:37.898240
ATF,80.3,2022-06-06 17:25:48.385836
ATF,38.4,2022-06-06 17:25:58.598074
ATF,38.5,2022-06-06 17:26:09.024440
ATF,79.7,2022-06-06 17:26:19.532626
ATF,78.4,2022-06-06 17:26:30.030415
ATF,38.5,2022-06-06 17:26:40.196916
ATF,74.8,2022-06-06 17:26:50.683638
ATF,75.4,2022-06-06 17:27:01.174959
ATF,74.4,2022-06-06 17:27:11.653818
ATF,74.6,2022-06-06 17:27:22.028970
ATF,76.4,2022-06-06 17:27:32.480796
ATF,38.5,2022-06-06 17:27:42.639300
ATF,79.6,2022-06-06 17:27:53.210025
ATF,81.1,2022-06-06 17:28:03.674272
ATF,76.6,2022-06-06 17:28:14.042903
ATF,72.6,2022-06-06 17:28:24.508053
ATF,38.5,2022-06-06 17:28:34.665782
ATF,78.6,2022-06-06 17:28:45.172103
ATF,79.7,2022-06-06 17:28:55.603150
ATF,77.4,2022-06-06 17:29:06.014639
ATF,76.0,2022-06-06 17:29:16.515498
ATF,38.5,2022-06-06 17:29:26.660774
ATF,76.4,2022-06-06 17:29:37.173051
ATF,76.7,2022-06-06 17:29:47.600301
ATF,73.1,2022-06-06 17:29:57.985836
ATF,73.3,2022-06-06 17:30:08.375986
ATF,78.2,2022-06-06 17:30:18.778379
ATF,76.2,2022-06-06 17:30:29.244061
ATF,71.7,2022-06-06 17:30:39.738555
ATF,74.0,2022-06-06 17:30:50.067019
ATF,76.8,2022-06-06 17:31:00.494167
ATF,38.5,2022-06-06 17:31:10.706954
ATF,76.1,2022-06-06 17:31:21.198065
ATF,79.1,2022-06-06 17:31:31.634703
ATF,73.9,2022-06-06 17:31:42.035436
ATF,72.2,2022-06-06 17:31:52.486959
ATF,76.7,2022-06-06 17:32:02.929317
ATF,79.5,2022-06-06 17:32:13.332974
ATF,76.7,2022-06-06 17:32:23.788106
ATF,74.8,2022-06-06 17:32:34.185986
ATF,76.4,2022-06-06 17:32:44.604073
ATF,38.5,2022-06-06 17:32:54.764202
ATF,79.2,2022-06-06 17:33:05.243207
ATF,78.6,2022-06-06 17:33:15.682521
ATF,77.9,2022-06-06 17:33:26.113571
ATF,77.8,2022-06-06 17:33:36.488692
ATF,77.1,2022-06-06 17:33:46.971139
ATF,78.7,2022-06-06 17:33:57.436508
ATF,79.0,2022-06-06 17:34:07.823538
ATF,38.4,2022-06-06 17:34:18.011698
ATF,76.9,2022-06-06 17:34:28.485583
ATF,80.4,2022-06-06 17:34:38.941559
ATF,82.7,2022-06-06 17:34:49.442585
ATF,38.5,2022-06-06 17:34:59.611578
ATF,79.7,2022-06-06 17:35:10.129409
ATF,79.4,2022-06-06 17:35:20.522009
ATF,83.8,2022-06-06 17:35:30.997935
ATF,87.6,2022-06-06 17:35:41.477028
ATF,90.7,2022-06-06 17:35:51.908192
ATF,38.5,2022-06-06 17:36:02.098150
ATF,96.5,2022-06-06 17:36:12.604267
ATF,98.8,2022-06-06 17:36:23.035201
ATF,100.7,2022-06-06 17:36:33.512464
ATF,102.5,2022-06-06 17:36:43.780895
ATF,101.6,2022-06-06 17:36:54.269900
ATF,38.5,2022-06-06 17:37:04.531945
ATF,38.5,2022-06-06 17:37:14.943928
ATF,100.5,2022-06-06 17:37:25.400896
ATF,97.9,2022-06-06 17:37:35.915693
ATF,96.3,2022-06-06 17:37:46.366443
ATF,38.5,2022-06-06 17:37:56.546713
ATF,98.6,2022-06-06 17:38:07.048215
ATF,98.2,2022-06-06 17:38:17.500268
ATF,100.3,2022-06-06 17:38:27.960170
ATF,101.5,2022-06-06 17:38:38.282596
ATF,100.8,2022-06-06 17:38:48.706172
ATF,38.5,2022-06-06 17:38:58.942528
ATF,104.4,2022-06-06 17:39:09.423659
ATF,103.7,2022-06-06 17:39:19.983255
ATF,103.0,2022-06-06 17:39:30.246480
ATF,104.7,2022-06-06 17:39:40.744658
ATF,38.5,2022-06-06 17:39:50.953900
ATF,38.5,2022-06-06 17:40:01.371982
ATF,107.7,2022-06-06 17:40:12.035538
ATF,38.5,2022-06-06 17:40:22.218960
ATF,38.5,2022-06-06 17:40:32.638082
ATF,108.8,2022-06-06 17:40:43.113434
ATF,109.3,2022-06-06 17:40:53.633013
ATF,108.2,2022-06-06 17:41:03.910015
ATF,108.4,2022-06-06 17:41:14.400152
ATF,38.5,2022-06-06 17:41:24.639230
ATF,109.5,2022-06-06 17:41:35.086640
ATF,110.0,2022-06-06 17:41:45.623426
ATF,38.5,2022-06-06 17:41:55.847824
ATF,38.6,2022-06-06 17:42:06.250530
ATF,111.2,2022-06-06 17:42:16.703963
ATF,110.9,2022-06-06 17:42:27.173543
ATF,110.6,2022-06-06 17:42:37.603525
ATF,110.8,2022-06-06 17:42:48.004300
ATF,38.6,2022-06-06 17:42:58.240086
ATF,38.6,2022-06-06 17:43:08.692375
ATF,111.1,2022-06-06 17:43:19.202224
ATF,111.4,2022-06-06 17:43:29.693651
ATF,38.6,2022-06-06 17:43:39.870170
ATF,112.0,2022-06-06 17:43:50.368450
ATF,112.3,2022-06-06 17:44:00.937078
ATF,38.6,2022-06-06 17:44:11.142348
ATF,111.6,2022-06-06 17:44:21.668493
ATF,38.6,2022-06-06 17:44:31.889200
ATF,38.6,2022-06-06 17:44:42.329510
ATF,112.3,2022-06-06 17:44:52.813355
ATF,112.3,2022-06-06 17:45:03.354241
ATF,112.2,2022-06-06 17:45:13.567371
ATF,112.2,2022-06-06 17:45:24.072064
ATF,38.6,2022-06-06 17:45:34.335082
ATF,112.2,2022-06-06 17:45:44.806841
ATF,110.8,2022-06-06 17:45:55.366876
ATF,110.8,2022-06-06 17:46:05.609647
ATF,110.9,2022-06-06 17:46:16.091122
ATF,111.2,2022-06-06 17:46:26.557587
ATF,111.8,2022-06-06 17:46:36.953278
ATF,38.6,2022-06-06 17:46:47.154912
ATF,112.6,2022-06-06 17:46:57.658034
ATF,112.9,2022-06-06 17:47:08.154967
ATF,38.6,2022-06-06 17:47:18.392230
ATF,38.6,2022-06-06 17:47:28.825256
ATF,109.4,2022-06-06 17:47:39.293061
ATF,110.4,2022-06-06 17:47:49.829930
ATF,111.2,2022-06-06 17:48:00.084087
ATF,111.8,2022-06-06 17:48:10.524004
ATF,112.3,2022-06-06 17:48:20.951148
ATF,112.6,2022-06-06 17:48:31.443917
ATF,112.7,2022-06-06 17:48:41.680835
ATF,112.9,2022-06-06 17:48:52.130637
ATF,113.3,2022-06-06 17:49:02.562619
ATF,112.4,2022-06-06 17:49:12.998488
ATF,109.2,2022-06-06 17:49:23.416028
ATF,108.7,2022-06-06 17:49:33.719956
ATF,109.0,2022-06-06 17:49:44.245221
ATF,109.7,2022-06-06 17:49:54.539717
ATF,108.3,2022-06-06 17:50:05.000750
ATF,38.6,2022-06-06 17:50:15.250170
ATF,108.2,2022-06-06 17:50:25.741223
ATF,108.8,2022-06-06 17:50:36.316492
ATF,108.9,2022-06-06 17:50:46.598379
ATF,109.3,2022-06-06 17:50:57.050391
ATF,38.6,2022-06-06 17:51:07.320070
ATF,110.2,2022-06-06 17:51:17.820378
ATF,109.7,2022-06-06 17:51:28.258031
ATF,110.1,2022-06-06 17:51:38.688272
ATF,38.6,2022-06-06 17:51:48.900098
ATF,111.0,2022-06-06 17:51:59.395844
ATF,111.2,2022-06-06 17:52:09.893385
ATF,111.4,2022-06-06 17:52:20.342039
ATF,111.5,2022-06-06 17:52:30.730200
ATF,38.7,2022-06-06 17:52:40.907317
ATF,111.8,2022-06-06 17:52:51.571196
ATF,38.7,2022-06-06 17:53:01.709076
ATF,111.8,2022-06-06 17:53:12.345046
ATF,111.9,2022-06-06 17:53:22.775358
ATF,38.7,2022-06-06 17:53:32.971687
ATF,111.9,2022-06-06 17:53:43.414220
ATF,112.1,2022-06-06 17:53:53.894395
ATF,112.2,2022-06-06 17:54:04.354896
ATF,38.7,2022-06-06 17:54:14.575451
ATF,112.4,2022-06-06 17:54:25.054579
ATF,112.3,2022-06-06 17:54:35.437771
ATF,112.4,2022-06-06 17:54:45.921210
ATF,112.5,2022-06-06 17:54:56.368569
ATF,38.7,2022-06-06 17:55:06.579307
ATF,38.7,2022-06-06 17:55:17.050001
ATF,112.6,2022-06-06 17:55:27.527135
ATF,112.6,2022-06-06 17:55:37.969258
ATF,38.7,2022-06-06 17:55:48.241888
ATF,112.9,2022-06-06 17:55:58.683852
ATF,112.8,2022-06-06 17:56:09.160644
ATF,113.0,2022-06-06 17:56:19.631812
ATF,38.7,2022-06-06 17:56:29.887266
ATF,113.2,2022-06-06 17:56:40.321919
ATF,113.2,2022-06-06 17:56:50.777215
ATF,113.2,2022-06-06 17:57:01.223537
ATF,113.2,2022-06-06 17:57:11.685562
ATF,38.7,2022-06-06 17:57:21.885236
ATF,112.9,2022-06-06 17:57:32.345056
ATF,113.0,2022-06-06 17:57:42.789809
ATF,112.7,2022-06-06 17:57:53.281277
ATF,112.8,2022-06-06 17:58:03.680409
ATF,38.7,2022-06-06 17:58:13.907543
ATF,38.7,2022-06-06 17:58:24.266663
ATF,38.7,2022-06-06 17:58:34.701298
ATF,113.3,2022-06-06 17:58:45.162009
ATF,113.2,2022-06-06 17:58:55.563422
ATF,113.5,2022-06-06 17:59:06.014304
ATF,113.7,2022-06-06 17:59:16.476221
ATF,113.8,2022-06-06 17:59:26.954218
ATF,38.7,2022-06-06 17:59:37.116197
ATF,38.7,2022-06-06 17:59:47.547816
ATF,114.2,2022-06-06 17:59:58.025733
ATF,114.3,2022-06-06 18:00:08.499639
ATF,114.2,2022-06-06 18:00:18.925796
ATF,114.2,2022-06-06 18:00:29.378106
ATF,38.7,2022-06-06 18:00:39.556255
ATF,114.0,2022-06-06 18:00:50.033224
ATF,113.9,2022-06-06 18:01:00.529525
ATF,112.7,2022-06-06 18:01:10.911344
ATF,112.8,2022-06-06 18:01:21.357449
ATF,38.7,2022-06-06 18:01:31.614799
ATF,113.4,2022-06-06 18:01:42.031708
ATF,113.3,2022-06-06 18:01:52.483823
ATF,113.2,2022-06-06 18:02:02.876289
ATF,113.2,2022-06-06 18:02:13.400422
ATF,38.7,2022-06-06 18:02:23.635253
ATF,38.7,2022-06-06 18:02:34.028863
ATF,112.9,2022-06-06 18:02:44.480627
ATF,113.1,2022-06-06 18:02:54.984694
ATF,113.1,2022-06-06 18:03:05.423773
ATF,113.2,2022-06-06 18:03:15.833007
ATF,38.7,2022-06-06 18:03:26.028002
ATF,38.7,2022-06-06 18:03:36.447144
ATF,113.5,2022-06-06 18:03:46.903394
ATF,113.6,2022-06-06 18:03:57.405046
ATF,113.6,2022-06-06 18:04:07.855004
ATF,38.7,2022-06-06 18:04:18.066881
ATF,38.7,2022-06-06 18:04:28.468490
ATF,113.8,2022-06-06 18:04:38.912351
ATF,113.8,2022-06-06 18:04:49.395152
ATF,113.9,2022-06-06 18:04:59.904802
ATF,38.7,2022-06-06 18:05:10.100628
ATF,114.1,2022-06-06 18:05:20.572519
ATF,38.7,2022-06-06 18:05:30.936712
ATF,114.3,2022-06-06 18:05:41.381399
ATF,114.4,2022-06-06 18:05:51.850999
ATF,114.4,2022-06-06 18:06:02.197418
ATF,114.5,2022-06-06 18:06:12.609386
ATF,114.6,2022-06-06 18:06:23.056635
ATF,114.5,2022-06-06 18:06:33.455122
ATF,114.4,2022-06-06 18:06:43.908997
ATF,38.7,2022-06-06 18:06:54.119619
ATF,38.7,2022-06-06 18:07:04.539359
ATF,114.4,2022-06-06 18:07:15.002031
ATF,114.4,2022-06-06 18:07:25.483954
ATF,114.4,2022-06-06 18:07:35.843639
ATF,114.4,2022-06-06 18:07:46.291322
ATF,114.5,2022-06-06 18:07:56.731564
ATF,114.7,2022-06-06 18:08:07.188396
ATF,114.7,2022-06-06 18:08:17.552782
ATF,114.7,2022-06-06 18:08:27.980094
ATF,114.6,2022-06-06 18:08:38.351453
ATF,38.7,2022-06-06 18:08:48.580933
ATF,114.8,2022-06-06 18:08:59.209252
ATF,38.6,2022-06-06 18:09:09.399831
ATF,114.6,2022-06-06 18:09:19.882072
ATF,114.4,2022-06-06 18:09:30.329616
ATF,114.5,2022-06-06 18:09:40.789224
ATF,114.3,2022-06-06 18:09:51.199476
ATF,114.3,2022-06-06 18:10:01.643602
ATF,38.7,2022-06-06 18:10:11.814240
ATF,38.6,2022-06-06 18:10:22.235140
ATF,38.7,2022-06-06 18:10:32.643574
ATF,38.6,2022-06-06 18:10:43.035198
ATF,38.7,2022-06-06 18:10:53.470353
ATF,38.6,2022-06-06 18:11:03.876331
ATF,114.7,2022-06-06 18:11:14.339676
ATF,114.6,2022-06-06 18:11:24.776766
ATF,114.5,2022-06-06 18:11:35.171927
ATF,114.2,2022-06-06 18:11:45.662379
ATF,112.7,2022-06-06 18:11:56.080521
ATF,38.6,2022-06-06 18:12:06.244902
ATF,113.2,2022-06-06 18:12:16.736658
ATF,113.3,2022-06-06 18:12:27.240251
ATF,113.1,2022-06-06 18:12:37.674876
ATF,113.3,2022-06-06 18:12:48.090877
ATF,38.6,2022-06-06 18:12:58.286341
ATF,38.6,2022-06-06 18:13:08.741728
ATF,113.8,2022-06-06 18:13:19.240749
ATF,114.1,2022-06-06 18:13:29.707431
ATF,38.6,2022-06-06 18:13:39.889879
ATF,38.6,2022-06-06 18:13:50.359016
ATF,114.7,2022-06-06 18:14:00.833429
ATF,114.8,2022-06-06 18:14:11.304189
ATF,115.0,2022-06-06 18:14:21.772250
ATF,38.6,2022-06-06 18:14:31.946428
ATF,38.6,2022-06-06 18:14:42.372289
ATF,114.8,2022-06-06 18:14:52.787861
ATF,114.6,2022-06-06 18:15:03.252253
ATF,114.4,2022-06-06 18:15:13.716940
ATF,38.6,2022-06-06 18:15:23.968618
ATF,114.2,2022-06-06 18:15:34.468881
ATF,114.1,2022-06-06 18:15:44.996868
ATF,114.0,2022-06-06 18:15:55.434516
ATF,114.2,2022-06-06 18:16:05.652646
ATF,114.2,2022-06-06 18:16:16.132885
ATF,114.4,2022-06-06 18:16:26.599375
ATF,38.6,2022-06-06 18:16:36.796236
ATF,38.6,2022-06-06 18:16:47.241387
ATF,114.7,2022-06-06 18:16:57.715661
ATF,114.8,2022-06-06 18:17:08.101913
ATF,115.0,2022-06-06 18:17:18.597271
ATF,38.6,2022-06-06 18:17:28.840841
ATF,115.1,2022-06-06 18:17:39.349904
ATF,115.0,2022-06-06 18:17:49.861592
ATF,114.8,2022-06-06 18:18:00.083091
ATF,114.9,2022-06-06 18:18:10.569403
ATF,115.0,2022-06-06 18:18:20.958927
ATF,114.8,2022-06-06 18:18:31.453562
ATF,38.6,2022-06-06 18:18:41.683382
ATF,114.4,2022-06-06 18:18:52.151614
ATF,114.2,2022-06-06 18:19:02.682193
ATF,38.6,2022-06-06 18:19:12.869977
ATF,114.3,2022-06-06 18:19:23.366753
ATF,114.3,2022-06-06 18:19:33.821402
ATF,114.3,2022-06-06 18:19:44.293528
ATF,38.6,2022-06-06 18:19:54.514077
ATF,114.3,2022-06-06 18:20:04.967156
ATF,113.4,2022-06-06 18:20:15.490729
ATF,38.6,2022-06-06 18:20:25.680834
ATF,38.6,2022-06-06 18:20:36.139727
ATF,113.2,2022-06-06 18:20:46.601983
ATF,113.3,2022-06-06 18:20:57.043028
ATF,113.4,2022-06-06 18:21:07.436545
ATF,113.6,2022-06-06 18:21:17.942404
ATF,38.6,2022-06-06 18:21:28.167475
ATF,113.8,2022-06-06 18:21:38.629334
ATF,114.1,2022-06-06 18:21:49.185045
ATF,38.6,2022-06-06 18:21:59.347858
ATF,114.1,2022-06-06 18:22:09.814370
ATF,112.8,2022-06-06 18:22:20.330657
ATF,38.6,2022-06-06 18:22:30.557117
ATF,112.2,2022-06-06 18:22:41.029092
ATF,112.6,2022-06-06 18:22:51.462340
ATF,112.9,2022-06-06 18:23:01.920527
ATF,113.2,2022-06-06 18:23:12.412031
ATF,113.6,2022-06-06 18:23:22.628067
ATF,113.9,2022-06-06 18:23:33.056578
ATF,114.0,2022-06-06 18:23:43.503172
ATF,114.3,2022-06-06 18:23:53.966190
ATF,38.6,2022-06-06 18:24:04.196867
ATF,38.6,2022-06-06 18:24:14.589737
ATF,38.6,2022-06-06 18:24:25.056810
ATF,114.5,2022-06-06 18:24:35.524259
ATF,114.7,2022-06-06 18:24:45.999457
ATF,114.8,2022-06-06 18:24:56.436436
ATF,115.0,2022-06-06 18:25:06.845254
ATF,38.6,2022-06-06 18:25:17.089837
ATF,112.1,2022-06-06 18:25:27.522991
ATF,109.9,2022-06-06 18:25:38.002338
ATF,110.8,2022-06-06 18:25:48.498263
ATF,112.0,2022-06-06 18:25:58.737390
ATF,112.4,2022-06-06 18:26:09.243843
ATF,112.8,2022-06-06 18:26:19.717361
ATF,113.1,2022-06-06 18:26:29.954068
ATF,113.6,2022-06-06 18:26:40.382866
ATF,113.8,2022-06-06 18:26:50.834389
ATF,38.6,2022-06-06 18:27:01.104496
ATF,114.4,2022-06-06 18:27:11.586535
ATF,114.7,2022-06-06 18:27:22.083021
ATF,115.0,2022-06-06 18:27:32.450384
ATF,115.1,2022-06-06 18:27:42.886222
ATF,115.4,2022-06-06 18:27:53.272857
ATF,115.2,2022-06-06 18:28:03.752549
ATF,114.9,2022-06-06 18:28:14.006470
ATF,114.6,2022-06-06 18:28:24.464149
ATF,114.8,2022-06-06 18:28:34.929476
ATF,38.6,2022-06-06 18:28:45.139859
ATF,114.9,2022-06-06 18:28:55.632992
ATF,114.9,2022-06-06 18:29:06.089486
ATF,115.1,2022-06-06 18:29:16.560385
ATF,115.2,2022-06-06 18:29:26.990619
ATF,115.4,2022-06-06 18:29:37.265212
ATF,38.6,2022-06-06 18:29:47.550502
ATF,114.8,2022-06-06 18:29:58.029626
ATF,112.6,2022-06-06 18:30:08.530919
ATF,38.6,2022-06-06 18:30:18.782860
ATF,38.6,2022-06-06 18:30:29.215002
ATF,112.7,2022-06-06 18:30:39.649609
ATF,112.9,2022-06-06 18:30:50.132946
ATF,112.8,2022-06-06 18:31:00.598426
ATF,38.5,2022-06-06 18:31:10.829801
ATF,112.7,2022-06-06 18:31:21.300272
ATF,112.9,2022-06-06 18:31:31.775454
ATF,113.3,2022-06-06 18:31:42.234550
ATF,38.5,2022-06-06 18:31:52.431149
ATF,38.5,2022-06-06 18:32:02.862838
ATF,113.8,2022-06-06 18:32:13.281481
ATF,113.6,2022-06-06 18:32:23.815323
ATF,38.6,2022-06-06 18:32:34.049791
ATF,113.8,2022-06-06 18:32:44.594603
ATF,114.0,2022-06-06 18:32:55.071781
ATF,38.5,2022-06-06 18:33:05.294034
ATF,114.6,2022-06-06 18:33:15.793442
ATF,114.9,2022-06-06 18:33:26.242795
ATF,115.1,2022-06-06 18:33:36.689994
ATF,38.5,2022-06-06 18:33:46.872718
ATF,115.3,2022-06-06 18:33:57.364406
ATF,115.4,2022-06-06 18:34:07.849792
ATF,38.6,2022-06-06 18:34:18.084630
ATF,38.6,2022-06-06 18:34:28.524457
ATF,115.8,2022-06-06 18:34:39.048777
ATF,115.8,2022-06-06 18:34:49.549842
ATF,116.0,2022-06-06 18:34:59.788313
ATF,116.1,2022-06-06 18:35:10.295408
ATF,116.3,2022-06-06 18:35:20.752878
ATF,116.6,2022-06-06 18:35:30.999143
ATF,116.8,2022-06-06 18:35:41.477977
ATF,38.5,2022-06-06 18:35:51.727118
ATF,116.9,2022-06-06 18:36:02.197294
ATF,117.0,2022-06-06 18:36:12.695312
ATF,117.2,2022-06-06 18:36:23.147190
ATF,117.2,2022-06-06 18:36:33.597266
ATF,38.5,2022-06-06 18:36:43.795159
ATF,117.5,2022-06-06 18:36:54.226689
ATF,117.6,2022-06-06 18:37:04.635136
ATF,117.7,2022-06-06 18:37:15.094207
ATF,117.9,2022-06-06 18:37:25.560272
ATF,117.9,2022-06-06 18:37:36.015823
ATF,38.6,2022-06-06 18:37:46.186353
ATF,117.8,2022-06-06 18:37:56.698166
ATF,117.6,2022-06-06 18:38:07.200129
ATF,38.5,2022-06-06 18:38:17.381294
ATF,116.9,2022-06-06 18:38:27.896249
ATF,116.4,2022-06-06 18:38:38.405685
ATF,116.3,2022-06-06 18:38:48.811179
ATF,38.5,2022-06-06 18:38:59.048526
ATF,116.5,2022-06-06 18:39:09.566800
ATF,116.4,2022-06-06 18:39:20.062273
ATF,116.0,2022-06-06 18:39:30.288518
ATF,116.0,2022-06-06 18:39:40.804852
ATF,38.5,2022-06-06 18:39:51.054920
ATF,116.6,2022-06-06 18:40:01.512413
ATF,116.7,2022-06-06 18:40:11.961311
ATF,116.9,2022-06-06 18:40:22.469980
ATF,38.6,2022-06-06 18:40:32.697909
ATF,114.2,2022-06-06 18:40:43.180453
ATF,113.8,2022-06-06 18:40:53.663561
ATF,38.6,2022-06-06 18:41:03.890031
ATF,115.2,2022-06-06 18:41:14.370522
ATF,115.3,2022-06-06 18:41:24.865887
ATF,38.5,2022-06-06 18:41:35.080745
ATF,38.5,2022-06-06 18:41:45.534795
ATF,115.6,2022-06-06 18:41:56.046260
ATF,115.4,2022-06-06 18:42:06.472022
ATF,115.1,2022-06-06 18:42:16.967007
ATF,115.0,2022-06-06 18:42:27.228255
ATF,114.9,2022-06-06 18:42:37.650220
ATF,114.9,2022-06-06 18:42:48.125808
ATF,115.1,2022-06-06 18:42:58.591328
ATF,38.6,2022-06-06 18:43:08.747182
ATF,115.0,2022-06-06 18:43:19.212859
ATF,115.3,2022-06-06 18:43:29.715656
ATF,38.5,2022-06-06 18:43:39.965171
ATF,38.6,2022-06-06 18:43:50.388295
ATF,115.8,2022-06-06 18:44:00.843118
ATF,115.7,2022-06-06 18:44:11.380613
ATF,38.5,2022-06-06 18:44:21.590536
ATF,115.7,2022-06-06 18:44:32.096262
ATF,115.5,2022-06-06 18:44:42.610248
ATF,38.5,2022-06-06 18:44:52.836644
ATF,115.5,2022-06-06 18:45:03.352621
ATF,115.5,2022-06-06 18:45:13.820650
ATF,38.5,2022-06-06 18:45:24.035316
ATF,115.9,2022-06-06 18:45:34.502833
ATF,115.9,2022-06-06 18:45:45.026551
ATF,38.6,2022-06-06 18:45:55.244339
ATF,116.1,2022-06-06 18:46:05.721949
ATF,116.1,2022-06-06 18:46:16.136822
ATF,115.9,2022-06-06 18:46:26.562202
ATF,38.6,2022-06-06 18:46:36.834587
ATF,116.0,2022-06-06 18:46:47.312315
ATF,116.0,2022-06-06 18:46:57.790813
ATF,116.3,2022-06-06 18:47:08.222574
ATF,38.5,2022-06-06 18:47:18.506291
ATF,116.7,2022-06-06 18:47:28.986727
ATF,38.6,2022-06-06 18:47:39.249608
ATF,38.6,2022-06-06 18:47:49.696217
ATF,117.3,2022-06-06 18:48:00.190537
ATF,117.3,2022-06-06 18:48:10.644803
ATF,38.5,2022-06-06 18:48:20.868440
ATF,117.5,2022-06-06 18:48:31.378179
ATF,117.6,2022-06-06 18:48:41.844205
ATF,38.6,2022-06-06 18:48:52.080124
ATF,117.7,2022-06-06 18:49:02.583889
ATF,117.6,2022-06-06 18:49:13.049652
ATF,117.6,2022-06-06 18:49:23.546689
ATF,38.6,2022-06-06 18:49:33.705038
ATF,117.6,2022-06-06 18:49:44.367711
ATF,38.6,2022-06-06 18:49:54.516237
ATF,117.7,2022-06-06 18:50:04.987726
ATF,117.8,2022-06-06 18:50:15.446603
ATF,117.9,2022-06-06 18:50:25.970704
ATF,38.5,2022-06-06 18:50:36.178507
ATF,118.0,2022-06-06 18:50:46.620338
ATF,117.8,2022-06-06 18:50:57.125566
ATF,117.8,2022-06-06 18:51:07.610986
ATF,117.6,2022-06-06 18:51:17.821872
ATF,117.4,2022-06-06 18:51:28.276199
ATF,117.3,2022-06-06 18:51:38.692593
ATF,117.3,2022-06-06 18:51:49.120560
ATF,117.4,2022-06-06 18:51:59.591669
ATF,38.6,2022-06-06 18:52:09.778724
ATF,117.7,2022-06-06 18:52:20.263567
ATF,117.7,2022-06-06 18:52:30.698752
ATF,117.8,2022-06-06 18:52:41.135114
ATF,117.8,2022-06-06 18:52:51.589405
ATF,117.5,2022-06-06 18:53:02.041689
ATF,116.0,2022-06-06 18:53:12.429652
ATF,38.5,2022-06-06 18:53:22.661854
ATF,115.4,2022-06-06 18:53:33.122741
ATF,116.0,2022-06-06 18:53:43.581423
ATF,116.2,2022-06-06 18:53:54.078609
ATF,38.5,2022-06-06 18:54:04.274857
ATF,115.7,2022-06-06 18:54:14.726756
ATF,115.7,2022-06-06 18:54:25.170267
ATF,115.5,2022-06-06 18:54:35.630248
ATF,115.4,2022-06-06 18:54:46.068134
ATF,115.7,2022-06-06 18:54:56.487665
ATF,116.0,2022-06-06 18:55:06.912445
ATF,116.4,2022-06-06 18:55:17.144208
ATF,116.5,2022-06-06 18:55:27.680929
ATF,38.5,2022-06-06 18:55:37.931279
ATF,115.5,2022-06-06 18:55:48.439392
ATF,115.2,2022-06-06 18:55:58.951846
ATF,38.5,2022-06-06 18:56:09.105901
ATF,115.5,2022-06-06 18:56:19.623462
ATF,115.7,2022-06-06 18:56:30.097246
ATF,116.2,2022-06-06 18:56:40.565684
ATF,116.5,2022-06-06 18:56:50.801239
ATF,116.6,2022-06-06 18:57:01.341155
ATF,38.5,2022-06-06 18:57:11.572720
ATF,117.1,2022-06-06 18:57:22.006012
ATF,117.2,2022-06-06 18:57:32.500717
ATF,38.5,2022-06-06 18:57:42.741221
ATF,117.7,2022-06-06 18:57:53.210268
ATF,117.6,2022-06-06 18:58:03.670423
ATF,117.8,2022-06-06 18:58:14.150446
ATF,38.6,2022-06-06 18:58:24.358457
ATF,117.9,2022-06-06 18:58:34.864863
ATF,118.0,2022-06-06 18:58:45.308798
ATF,117.9,2022-06-06 18:58:55.797289
ATF,38.5,2022-06-06 18:59:06.032636
ATF,117.9,2022-06-06 18:59:16.472265
ATF,117.7,2022-06-06 18:59:26.974091
ATF,117.4,2022-06-06 18:59:37.318155
ATF,117.1,2022-06-06 18:59:47.812444
ATF,116.8,2022-06-06 18:59:58.209869
ATF,116.8,2022-06-06 19:00:08.481988
ATF,116.8,2022-06-06 19:00:19.028953
ATF,38.5,2022-06-06 19:00:29.242291
ATF,116.2,2022-06-06 19:00:39.763275
ATF,115.5,2022-06-06 19:00:50.181814
ATF,114.9,2022-06-06 19:01:00.674430
ATF,38.5,2022-06-06 19:01:10.882573
ATF,114.9,2022-06-06 19:01:21.325763
ATF,114.9,2022-06-06 19:01:31.834245
ATF,38.5,2022-06-06 19:01:42.039004
ATF,115.0,2022-06-06 19:01:52.554582
ATF,115.2,2022-06-06 19:02:03.083486
ATF,38.5,2022-06-06 19:02:13.275330
ATF,115.8,2022-06-06 19:02:23.775128
ATF,116.1,2022-06-06 19:02:34.269805
ATF,116.4,2022-06-06 19:02:44.707937
ATF,116.7,2022-06-06 19:02:54.947576
ATF,117.1,2022-06-06 19:03:05.431135
ATF,117.4,2022-06-06 19:03:15.875586
ATF,38.5,2022-06-06 19:03:26.122058
ATF,117.8,2022-06-06 19:03:36.603932
ATF,118.1,2022-06-06 19:03:47.082082
ATF,38.5,2022-06-06 19:03:57.306727
ATF,118.3,2022-06-06 19:04:07.781176
ATF,118.6,2022-06-06 19:04:18.282986
ATF,38.5,2022-06-06 19:04:28.530434
ATF,118.7,2022-06-06 19:04:39.020913
ATF,118.8,2022-06-06 19:04:49.439256
ATF,119.0,2022-06-06 19:04:59.945649
ATF,118.8,2022-06-06 19:05:10.225326
ATF,118.7,2022-06-06 19:05:20.719227
ATF,118.7,2022-06-06 19:05:31.219568
ATF,118.6,2022-06-06 19:05:41.437613
ATF,118.5,2022-06-06 19:05:51.942174
ATF,38.5,2022-06-06 19:06:02.187058
ATF,116.9,2022-06-06 19:06:12.676954
ATF,115.7,2022-06-06 19:06:23.096798
ATF,113.1,2022-06-06 19:06:33.592355
ATF,112.7,2022-06-06 19:06:44.038827
ATF,38.5,2022-06-06 19:06:54.236930
ATF,114.4,2022-06-06 19:07:04.760313
ATF,38.5,2022-06-06 19:07:14.995335
ATF,38.5,2022-06-06 19:07:25.461121
ATF,115.4,2022-06-06 19:07:35.943836
ATF,115.5,2022-06-06 19:07:46.450205
ATF,115.9,2022-06-06 19:07:56.699156
ATF,116.2,2022-06-06 19:08:07.233189
ATF,38.5,2022-06-06 19:08:17.462076
ATF,38.5,2022-06-06 19:08:27.890276
ATF,38.5,2022-06-06 19:08:38.319657
ATF,117.2,2022-06-06 19:08:48.769439
ATF,117.3,2022-06-06 19:08:59.221861
ATF,117.5,2022-06-06 19:09:09.695996
ATF,38.5,2022-06-06 19:09:19.866659
ATF,117.7,2022-06-06 19:09:30.345120
ATF,117.9,2022-06-06 19:09:40.774779
ATF,118.2,2022-06-06 19:09:51.263364
ATF,38.5,2022-06-06 19:10:01.478184
ATF,38.5,2022-06-06 19:10:11.931990
ATF,118.4,2022-06-06 19:10:22.427010
ATF,118.5,2022-06-06 19:10:32.928579
ATF,118.5,2022-06-06 19:10:43.205910
ATF,118.5,2022-06-06 19:10:53.714927
ATF,38.5,2022-06-06 19:11:03.909164
ATF,38.5,2022-06-06 19:11:14.347598
ATF,118.8,2022-06-06 19:11:24.845568
ATF,118.9,2022-06-06 19:11:35.326094
ATF,38.5,2022-06-06 19:11:45.549385
ATF,119.2,2022-06-06 19:11:56.051632
ATF,119.4,2022-06-06 19:12:06.534001
ATF,119.5,2022-06-06 19:12:16.971178
ATF,38.5,2022-06-06 19:12:27.195452
ATF,119.3,2022-06-06 19:12:37.713119
ATF,119.4,2022-06-06 19:12:48.211778
ATF,119.5,2022-06-06 19:12:58.441357
ATF,119.4,2022-06-06 19:13:08.936868
ATF,119.4,2022-06-06 19:13:19.440961
ATF,119.3,2022-06-06 19:13:29.665420
ATF,119.2,2022-06-06 19:13:40.149387
ATF,119.0,2022-06-06 19:13:50.605619
ATF,38.5,2022-06-06 19:14:00.810312
ATF,119.2,2022-06-06 19:14:11.280238
ATF,118.3,2022-06-06 19:14:21.799036
ATF,38.5,2022-06-06 19:14:32.022226
ATF,117.1,2022-06-06 19:14:42.524123
ATF,117.4,2022-06-06 19:14:52.968614
ATF,117.5,2022-06-06 19:15:03.392627
ATF,38.5,2022-06-06 19:15:13.645483
ATF,117.2,2022-06-06 19:15:24.133205
ATF,117.2,2022-06-06 19:15:34.679902
ATF,38.5,2022-06-06 19:15:44.865117
ATF,38.5,2022-06-06 19:15:55.304130
ATF,117.3,2022-06-06 19:16:05.794881
ATF,117.2,2022-06-06 19:16:16.267852
ATF,38.5,2022-06-06 19:16:26.492468
ATF,117.7,2022-06-06 19:16:36.998896
ATF,117.8,2022-06-06 19:16:47.420668
ATF,117.8,2022-06-06 19:16:57.881630
ATF,38.5,2022-06-06 19:17:08.109092
ATF,118.0,2022-06-06 19:17:18.654631
ATF,38.5,2022-06-06 19:17:28.882725
ATF,118.0,2022-06-06 19:17:39.407027
ATF,118.1,2022-06-06 19:17:49.919602
ATF,38.5,2022-06-06 19:18:00.118155
ATF,38.5,2022-06-06 19:18:10.549193
ATF,118.6,2022-06-06 19:18:21.020229
ATF,118.7,2022-06-06 19:18:31.562725
ATF,38.5,2022-06-06 19:18:41.728596
ATF,119.1,2022-06-06 19:18:52.213130
ATF,119.2,2022-06-06 19:19:02.698347
ATF,119.2,2022-06-06 19:19:13.149751
ATF,38.5,2022-06-06 19:19:23.373343
ATF,119.3,2022-06-06 19:19:33.899037
ATF,119.5,2022-06-06 19:19:44.384211
ATF,119.6,2022-06-06 19:19:54.682376
ATF,119.7,2022-06-06 19:20:05.197627
ATF,38.5,2022-06-06 19:20:15.361639
ATF,38.6,2022-06-06 19:20:25.800820
ATF,119.6,2022-06-06 19:20:36.278528
ATF,119.6,2022-06-06 19:20:46.801127
ATF,38.5,2022-06-06 19:20:57.043210
ATF,119.4,2022-06-06 19:21:07.516105
ATF,119.1,2022-06-06 19:21:18.014361
ATF,38.5,2022-06-06 19:21:28.220314
ATF,119.1,2022-06-06 19:21:38.743786
ATF,119.1,2022-06-06 19:21:49.189333
ATF,118.6,2022-06-06 19:21:59.623280
ATF,118.7,2022-06-06 19:22:10.087522
ATF,38.5,2022-06-06 19:22:20.294851
ATF,118.0,2022-06-06 19:22:30.784605
ATF,117.9,2022-06-06 19:22:41.283187
ATF,38.5,2022-06-06 19:22:51.467829
ATF,118.3,2022-06-06 19:23:01.957571
ATF,118.3,2022-06-06 19:23:12.373119
ATF,118.4,2022-06-06 19:23:22.905651
ATF,118.6,2022-06-06 19:23:33.140822
ATF,118.5,2022-06-06 19:23:43.611419
ATF,118.3,2022-06-06 19:23:54.086195
ATF,38.5,2022-06-06 19:24:04.303430
ATF,118.1,2022-06-06 19:24:14.823768
ATF,118.1,2022-06-06 19:24:25.306679
ATF,38.5,2022-06-06 19:24:35.481272
ATF,118.3,2022-06-06 19:24:45.975943
ATF,118.3,2022-06-06 19:24:56.473454
ATF,38.5,2022-06-06 19:25:06.715330
ATF,38.5,2022-06-06 19:25:17.132340
ATF,118.8,2022-06-06 19:25:27.634795
ATF,119.1,2022-06-06 19:25:38.155751
ATF,38.5,2022-06-06 19:25:48.342713
ATF,119.5,2022-06-06 19:25:58.842363
ATF,119.4,2022-06-06 19:26:09.353773
ATF,38.5,2022-06-06 19:26:19.597965
ATF,119.7,2022-06-06 19:26:30.096791
ATF,119.8,2022-06-06 19:26:40.540037
ATF,38.5,2022-06-06 19:26:50.767342
ATF,119.9,2022-06-06 19:27:01.252427
ATF,120.1,2022-06-06 19:27:11.741878
ATF,120.2,2022-06-06 19:27:22.226185
ATF,120.2,2022-06-06 19:27:32.541034
ATF,38.5,2022-06-06 19:27:42.812013
ATF,120.2,2022-06-06 19:27:53.325934
ATF,38.5,2022-06-06 19:28:03.630321
ATF,120.3,2022-06-06 19:28:14.150476
ATF,120.3,2022-06-06 19:28:24.646759
ATF,120.3,2022-06-06 19:28:34.932943
ATF,38.5,2022-06-06 19:28:45.222713
ATF,120.4,2022-06-06 19:28:55.702593
ATF,120.5,2022-06-06 19:29:06.231518
ATF,120.5,2022-06-06 19:29:16.577488
ATF,120.5,2022-06-06 19:29:27.063987
ATF,120.6,2022-06-06 19:29:37.340092
ATF,120.6,2022-06-06 19:29:47.814930
ATF,120.5,2022-06-06 19:29:58.250608
ATF,38.5,2022-06-06 19:30:08.486169
ATF,120.3,2022-06-06 19:30:18.943647
ATF,119.9,2022-06-06 19:30:29.452851
ATF,38.5,2022-06-06 19:30:39.652743
ATF,119.8,2022-06-06 19:30:50.173337
ATF,119.8,2022-06-06 19:31:00.584075
ATF,119.9,2022-06-06 19:31:11.040393
ATF,120.1,2022-06-06 19:31:21.535513
ATF,120.1,2022-06-06 19:31:31.809889
ATF,120.2,2022-06-06 19:31:42.319530
ATF,120.3,2022-06-06 19:31:52.589406
ATF,120.2,2022-06-06 19:32:03.118353
ATF,120.3,2022-06-06 19:32:13.424367
ATF,120.3,2022-06-06 19:32:23.949521
ATF,120.4,2022-06-06 19:32:34.261445
ATF,38.5,2022-06-06 19:32:44.546892
ATF,120.3,2022-06-06 19:32:55.014002
ATF,120.4,2022-06-06 19:33:05.591871
ATF,120.4,2022-06-06 19:33:15.890664
ATF,120.5,2022-06-06 19:33:26.399706
ATF,120.4,2022-06-06 19:33:36.697499
ATF,38.5,2022-06-06 19:33:46.991089
ATF,120.6,2022-06-06 19:33:57.530432
ATF,38.5,2022-06-06 19:34:07.783939
ATF,119.0,2022-06-06 19:34:18.224206
ATF,117.9,2022-06-06 19:34:28.764206
ATF,117.0,2022-06-06 19:34:39.226228
ATF,117.2,2022-06-06 19:34:49.472331
ATF,117.0,2022-06-06 19:34:59.959111
ATF,38.5,2022-06-06 19:35:10.229922
ATF,118.0,2022-06-06 19:35:20.706262
ATF,118.2,2022-06-06 19:35:31.160024
ATF,118.2,2022-06-06 19:35:41.654188
ATF,118.4,2022-06-06 19:35:51.886304
ATF,118.6,2022-06-06 19:36:02.395909
ATF,38.5,2022-06-06 19:36:12.625837
ATF,38.5,2022-06-06 19:36:23.094856
ATF,119.1,2022-06-06 19:36:33.570145
ATF,119.1,2022-06-06 19:36:44.028795
ATF,119.2,2022-06-06 19:36:54.505915
ATF,119.2,2022-06-06 19:37:04.739590
ATF,119.3,2022-06-06 19:37:15.167695
ATF,119.5,2022-06-06 19:37:25.639069
ATF,119.6,2022-06-06 19:37:36.112319
ATF,119.7,2022-06-06 19:37:46.380454
ATF,119.8,2022-06-06 19:37:56.890663
ATF,38.5,2022-06-06 19:38:07.122422
ATF,120.1,2022-06-06 19:38:17.593968
ATF,120.2,2022-06-06 19:38:28.086603
ATF,120.2,2022-06-06 19:38:38.392982
ATF,119.4,2022-06-06 19:38:48.952469
ATF,118.8,2022-06-06 19:38:59.196356
ATF,118.7,2022-06-06 19:39:09.754196
ATF,118.8,2022-06-06 19:39:19.972266
ATF,118.8,2022-06-06 19:39:30.439349
ATF,118.6,2022-06-06 19:39:40.972364
ATF,117.8,2022-06-06 19:39:51.219330
ATF,117.7,2022-06-06 19:40:01.610206
ATF,118.1,2022-06-06 19:40:12.025945
ATF,118.5,2022-06-06 19:40:22.500305
ATF,117.6,2022-06-06 19:40:32.950707
ATF,116.1,2022-06-06 19:40:43.339209
ATF,116.3,2022-06-06 19:40:53.826130
ATF,117.2,2022-06-06 19:41:04.058873
ATF,117.9,2022-06-06 19:41:14.541050
ATF,118.2,2022-06-06 19:41:24.999625
ATF,118.6,2022-06-06 19:41:35.255195
ATF,119.0,2022-06-06 19:41:45.704962
ATF,38.5,2022-06-06 19:41:55.980718
ATF,119.3,2022-06-06 19:42:06.456115
ATF,119.5,2022-06-06 19:42:16.968106
ATF,38.5,2022-06-06 19:42:27.186657
ATF,119.7,2022-06-06 19:42:37.712516
ATF,119.9,2022-06-06 19:42:48.193981
ATF,38.5,2022-06-06 19:42:58.420729
ATF,120.1,2022-06-06 19:43:08.886029
ATF,120.2,2022-06-06 19:43:19.398131
ATF,38.5,2022-06-06 19:43:29.670150
ATF,120.0,2022-06-06 19:43:40.114465
ATF,38.5,2022-06-06 19:43:50.434555
ATF,119.6,2022-06-06 19:44:00.955455
ATF,119.5,2022-06-06 19:44:11.445071
ATF,38.6,2022-06-06 19:44:21.688728
ATF,38.5,2022-06-06 19:44:32.100542
ATF,119.2,2022-06-06 19:44:42.557112
ATF,119.1,2022-06-06 19:44:53.021042
ATF,119.2,2022-06-06 19:45:03.522230
ATF,38.5,2022-06-06 19:45:13.735864
ATF,119.2,2022-06-06 19:45:24.230337
ATF,119.3,2022-06-06 19:45:34.733331
ATF,38.5,2022-06-06 19:45:44.913324
ATF,119.8,2022-06-06 19:45:55.491460
ATF,119.9,2022-06-06 19:46:05.926724
ATF,120.0,2022-06-06 19:46:16.353773
ATF,120.1,2022-06-06 19:46:26.643132
ATF,120.1,2022-06-06 19:46:37.163933
ATF,120.3,2022-06-06 19:46:47.437853
ATF,38.5,2022-06-06 19:46:57.719174
ATF,120.4,2022-06-06 19:47:08.206790
ATF,120.4,2022-06-06 19:47:18.730803
ATF,38.6,2022-06-06 19:47:28.985876
ATF,120.4,2022-06-06 19:47:39.416469
ATF,120.4,2022-06-06 19:47:49.906672
ATF,38.5,2022-06-06 19:48:00.170371
ATF,120.4,2022-06-06 19:48:10.667696
ATF,119.7,2022-06-06 19:48:21.165217
ATF,119.5,2022-06-06 19:48:31.555418
ATF,119.0,2022-06-06 19:48:42.025301
ATF,38.5,2022-06-06 19:48:52.228625
ATF,38.5,2022-06-06 19:49:02.632147
ATF,117.0,2022-06-06 19:49:13.094108
ATF,114.4,2022-06-06 19:49:23.560873
ATF,112.2,2022-06-06 19:49:33.975542
ATF,111.5,2022-06-06 19:49:44.462512
ATF,38.5,2022-06-06 19:49:54.600291
ATF,38.5,2022-06-06 19:50:05.050653
ATF,115.0,2022-06-06 19:50:15.542441
ATF,38.5,2022-06-06 19:50:25.817950
ATF,115.9,2022-06-06 19:50:36.324925
ATF,115.4,2022-06-06 19:50:46.846898
ATF,38.5,2022-06-06 19:50:57.050337
ATF,38.5,2022-06-06 19:51:07.499039
ATF,116.8,2022-06-06 19:51:18.001411
ATF,38.5,2022-06-06 19:51:28.238084
ATF,117.4,2022-06-06 19:51:38.723614
ATF,117.8,2022-06-06 19:51:49.206854
ATF,118.0,2022-06-06 19:51:59.682398
ATF,38.5,2022-06-06 19:52:09.873912
ATF,118.3,2022-06-06 19:52:20.350750
ATF,118.3,2022-06-06 19:52:30.824043
ATF,38.5,2022-06-06 19:52:41.127313
ATF,118.6,2022-06-06 19:52:51.612999
ATF,118.7,2022-06-06 19:53:02.127273
ATF,118.9,2022-06-06 19:53:12.541919
ATF,119.2,2022-06-06 19:53:22.769694
ATF,119.3,2022-06-06 19:53:33.304656
ATF,119.4,2022-06-06 19:53:43.736129
ATF,38.6,2022-06-06 19:53:53.948005
ATF,119.3,2022-06-06 19:54:04.402022
ATF,119.7,2022-06-06 19:54:14.891549
ATF,38.6,2022-06-06 19:54:25.133001
ATF,119.9,2022-06-06 19:54:35.614230
ATF,119.8,2022-06-06 19:54:46.143356
ATF,117.9,2022-06-06 19:54:56.404929
ATF,114.7,2022-06-06 19:55:06.899731
ATF,112.9,2022-06-06 19:55:17.419298
ATF,112.3,2022-06-06 19:55:27.648662
ATF,112.1,2022-06-06 19:55:38.134093
ATF,38.5,2022-06-06 19:55:48.369042
ATF,38.5,2022-06-06 19:55:58.789390
ATF,114.8,2022-06-06 19:56:09.262737
ATF,115.5,2022-06-06 19:56:19.770637
ATF,116.1,2022-06-06 19:56:30.252197
ATF,38.5,2022-06-06 19:56:40.418415
ATF,116.9,2022-06-06 19:56:50.933576
ATF,38.5,2022-06-06 19:57:01.200080
ATF,117.1,2022-06-06 19:57:11.700544
ATF,115.3,2022-06-06 19:57:22.160168
ATF,114.6,2022-06-06 19:57:32.691048
ATF,115.1,2022-06-06 19:57:42.879694
ATF,115.3,2022-06-06 19:57:53.372214
ATF,115.3,2022-06-06 19:58:03.858160
ATF,38.5,2022-06-06 19:58:14.034175
ATF,116.0,2022-06-06 19:58:24.511889
ATF,116.7,2022-06-06 19:58:35.024718
ATF,38.5,2022-06-06 19:58:45.285887
ATF,117.5,2022-06-06 19:58:55.778699
ATF,117.6,2022-06-06 19:59:06.285888
ATF,38.5,2022-06-06 19:59:16.480937
ATF,118.3,2022-06-06 19:59:26.979994
ATF,118.4,2022-06-06 19:59:37.464382
ATF,38.5,2022-06-06 19:59:47.731900
ATF,38.5,2022-06-06 19:59:58.126425
ATF,119.0,2022-06-06 20:00:08.552906
ATF,119.0,2022-06-06 20:00:19.133359
ATF,38.6,2022-06-06 20:00:29.302109
ATF,118.0,2022-06-06 20:00:39.943062
ATF,118.3,2022-06-06 20:00:50.379856
ATF,118.7,2022-06-06 20:01:00.773051
ATF,118.3,2022-06-06 20:01:11.113271
ATF,116.0,2022-06-06 20:01:21.500111
ATF,115.5,2022-06-06 20:01:31.928092
ATF,116.0,2022-06-06 20:01:42.371811
ATF,116.6,2022-06-06 20:01:52.814538
ATF,116.7,2022-06-06 20:02:03.204342
ATF,38.5,2022-06-06 20:02:13.338916
ATF,116.9,2022-06-06 20:02:24.029939
ATF,38.5,2022-06-06 20:02:34.159501
ATF,38.5,2022-06-06 20:02:44.607653
ATF,117.1,2022-06-06 20:02:55.043487
ATF,38.5,2022-06-06 20:03:05.395890
ATF,38.5,2022-06-06 20:03:15.828023
ATF,112.8,2022-06-06 20:03:26.247543
ATF,113.3,2022-06-06 20:03:36.681453
ATF,114.7,2022-06-06 20:03:47.096511
ATF,115.7,2022-06-06 20:03:57.467684
ATF,116.3,2022-06-06 20:04:07.866350
ATF,116.8,2022-06-06 20:04:18.320943
ATF,116.6,2022-06-06 20:04:28.732562
ATF,116.8,2022-06-06 20:04:39.156861
ATF,116.9,2022-06-06 20:04:49.516700
ATF,117.4,2022-06-06 20:04:59.927696
ATF,117.6,2022-06-06 20:05:10.308811
ATF,38.5,2022-06-06 20:05:20.700708
ATF,38.5,2022-06-06 20:05:31.076887
ATF,38.5,2022-06-06 20:05:41.468113
ATF,38.5,2022-06-06 20:05:51.878108
ATF,38.5,2022-06-06 20:06:02.265110
ATF,117.7,2022-06-06 20:06:12.806240
ATF,38.5,2022-06-06 20:06:22.986606
ATF,38.5,2022-06-06 20:06:33.403191
ATF,38.5,2022-06-06 20:06:43.852208
ATF,118.5,2022-06-06 20:06:54.263640
ATF,119.2,2022-06-06 20:07:04.669855
ATF,119.4,2022-06-06 20:07:15.094643
ATF,119.7,2022-06-06 20:07:25.485666
ATF,119.8,2022-06-06 20:07:35.861666
ATF,120.0,2022-06-06 20:07:46.293764
ATF,119.8,2022-06-06 20:07:56.762677
ATF,119.6,2022-06-06 20:08:07.179064
ATF,119.7,2022-06-06 20:08:17.639853
ATF,119.7,2022-06-06 20:08:28.018769
ATF,119.8,2022-06-06 20:08:38.401622
ATF,119.2,2022-06-06 20:08:48.761048
ATF,119.2,2022-06-06 20:08:59.190225
ATF,119.5,2022-06-06 20:09:09.637945
ATF,119.7,2022-06-06 20:09:20.071405
ATF,118.9,2022-06-06 20:09:30.442574
ATF,118.9,2022-06-06 20:09:40.877712
ATF,38.5,2022-06-06 20:09:51.051029
ATF,38.5,2022-06-06 20:10:01.476875
ATF,38.5,2022-06-06 20:10:11.892660
ATF,38.5,2022-06-06 20:10:22.326272
ATF,118.6,2022-06-06 20:10:32.764614
ATF,118.3,2022-06-06 20:10:43.177052
ATF,118.2,2022-06-06 20:10:53.627139
ATF,118.2,2022-06-06 20:11:04.040769
ATF,118.8,2022-06-06 20:11:14.457342
ATF,119.3,2022-06-06 20:11:24.863284
ATF,119.8,2022-06-06 20:11:35.253949
ATF,119.1,2022-06-06 20:11:45.667996
ATF,118.8,2022-06-06 20:11:56.098452
ATF,117.9,2022-06-06 20:12:06.533125
ATF,117.2,2022-06-06 20:12:16.921776
ATF,117.4,2022-06-06 20:12:27.301132
ATF,117.6,2022-06-06 20:12:37.705778
ATF,117.2,2022-06-06 20:12:48.113497
ATF,117.3,2022-06-06 20:12:58.509605
ATF,117.8,2022-06-06 20:13:08.943473
ATF,117.3,2022-06-06 20:13:19.315843
ATF,117.7,2022-06-06 20:13:29.737903
ATF,117.9,2022-06-06 20:13:40.059256
ATF,118.5,2022-06-06 20:13:50.513889
ATF,118.2,2022-06-06 20:14:00.934577
ATF,117.8,2022-06-06 20:14:11.373650
ATF,116.9,2022-06-06 20:14:21.771636
ATF,117.5,2022-06-06 20:14:32.220494
ATF,118.0,2022-06-06 20:14:42.624716
ATF,38.5,2022-06-06 20:14:52.804453
ATF,38.5,2022-06-06 20:15:03.209886
ATF,38.5,2022-06-06 20:15:13.605876
ATF,38.5,2022-06-06 20:15:24.012883
ATF,38.5,2022-06-06 20:15:34.439666
ATF,38.5,2022-06-06 20:15:44.851842
ATF,38.5,2022-06-06 20:15:55.249124
ATF,38.5,2022-06-06 20:16:05.638717
ATF,38.5,2022-06-06 20:16:16.035424
ATF,38.5,2022-06-06 20:16:26.437623
ATF,119.8,2022-06-06 20:16:37.125130
ATF,38.5,2022-06-06 20:16:47.267039
ATF,38.5,2022-06-06 20:16:57.696541
ATF,38.5,2022-06-06 20:17:08.104476
ATF,117.3,2022-06-06 20:17:18.531766
ATF,38.5,2022-06-06 20:17:28.919431
ATF,38.5,2022-06-06 20:17:39.301769
ATF,117.4,2022-06-06 20:17:49.744507
ATF,38.5,2022-06-06 20:18:00.136698
ATF,38.5,2022-06-06 20:18:10.525685
ATF,38.5,2022-06-06 20:18:20.942201
ATF,38.5,2022-06-06 20:18:31.342065
ATF,118.5,2022-06-06 20:18:41.782013
ATF,118.2,2022-06-06 20:18:52.218476
ATF,118.4,2022-06-06 20:19:02.704072
ATF,117.5,2022-06-06 20:19:13.143094
ATF,117.3,2022-06-06 20:19:23.521351
ATF,118.0,2022-06-06 20:19:33.895466
ATF,117.5,2022-06-06 20:19:44.296181
ATF,118.0,2022-06-06 20:19:54.670890
ATF,118.5,2022-06-06 20:20:05.095791
ATF,119.0,2022-06-06 20:20:15.532326
ATF,117.8,2022-06-06 20:20:25.939351
ATF,116.6,2022-06-06 20:20:36.318005
ATF,117.3,2022-06-06 20:20:46.693180
ATF,117.8,2022-06-06 20:20:57.051224
ATF,38.5,2022-06-06 20:21:07.426006
ATF,38.5,2022-06-06 20:21:17.794911
ATF,119.2,2022-06-06 20:21:28.430060
ATF,119.3,2022-06-06 20:21:38.808919
ATF,119.5,2022-06-06 20:21:49.191321
ATF,119.7,2022-06-06 20:21:59.567716
ATF,119.8,2022-06-06 20:22:09.969104
ATF,119.9,2022-06-06 20:22:20.367582
ATF,119.0,2022-06-06 20:22:30.779781
ATF,118.8,2022-06-06 20:22:41.174542
ATF,119.0,2022-06-06 20:22:51.584537
ATF,119.3,2022-06-06 20:23:01.986483
ATF,119.3,2022-06-06 20:23:12.421474
ATF,118.4,2022-06-06 20:23:22.813045
ATF,117.6,2022-06-06 20:23:33.192246
ATF,117.0,2022-06-06 20:23:43.606035
ATF,116.9,2022-06-06 20:23:54.032903
ATF,117.4,2022-06-06 20:24:04.413132
ATF,118.1,2022-06-06 20:24:14.776800
ATF,118.6,2022-06-06 20:24:25.195063
ATF,118.8,2022-06-06 20:24:35.635898
ATF,119.1,2022-06-06 20:24:46.037395
ATF,119.3,2022-06-06 20:24:56.426266
ATF,119.1,2022-06-06 20:25:06.840460
ATF,119.1,2022-06-06 20:25:17.221252
ATF,119.2,2022-06-06 20:25:27.597171
ATF,118.9,2022-06-06 20:25:37.983224
ATF,118.9,2022-06-06 20:25:48.368941
ATF,118.1,2022-06-06 20:25:58.768124
ATF,38.5,2022-06-06 20:26:09.094613
ATF,118.5,2022-06-06 20:26:19.755271
ATF,38.6,2022-06-06 20:26:29.912229
ATF,118.2,2022-06-06 20:26:40.557231
ATF,118.2,2022-06-06 20:26:50.948165
ATF,117.7,2022-06-06 20:27:01.306575
ATF,117.6,2022-06-06 20:27:11.681641
ATF,117.4,2022-06-06 20:27:22.016051
ATF,38.5,2022-06-06 20:27:32.348417
ATF,118.3,2022-06-06 20:27:42.976289
ATF,118.6,2022-06-06 20:27:53.362116
ATF,118.7,2022-06-06 20:28:03.751620
ATF,118.7,2022-06-06 20:28:14.113796
ATF,118.9,2022-06-06 20:28:24.488828
ATF,118.8,2022-06-06 20:28:34.873929
ATF,117.2,2022-06-06 20:28:45.269772
ATF,116.9,2022-06-06 20:28:55.668050
ATF,117.5,2022-06-06 20:29:06.033343
ATF,38.5,2022-06-06 20:29:16.399743
ATF,38.6,2022-06-06 20:29:26.788518
ATF,115.4,2022-06-06 20:29:37.429393
ATF,114.1,2022-06-06 20:29:47.826833
ATF,113.1,2022-06-06 20:29:58.138822
ATF,114.0,2022-06-06 20:30:08.545525
ATF,114.7,2022-06-06 20:30:18.929603
ATF,115.4,2022-06-06 20:30:29.282441
ATF,38.5,2022-06-06 20:30:39.636747
ATF,116.4,2022-06-06 20:30:50.267439
ATF,115.0,2022-06-06 20:31:00.635813
ATF,114.9,2022-06-06 20:31:11.052374
ATF,113.7,2022-06-06 20:31:21.428627
ATF,113.9,2022-06-06 20:31:31.768212
ATF,115.1,2022-06-06 20:31:42.149533
ATF,116.1,2022-06-06 20:31:52.567523
ATF,116.5,2022-06-06 20:32:02.920650
ATF,116.9,2022-06-06 20:32:13.298125
ATF,117.1,2022-06-06 20:32:23.723398
ATF,38.6,2022-06-06 20:32:34.078346
ATF,38.6,2022-06-06 20:32:44.467155
ATF,38.6,2022-06-06 20:32:54.852758
ATF,117.8,2022-06-06 20:33:05.518037
ATF,117.6,2022-06-06 20:33:15.858293
ATF,116.8,2022-06-06 20:33:26.211499
ATF,117.2,2022-06-06 20:33:36.617343
ATF,117.7,2022-06-06 20:33:47.018855
